Produit;valeur energetique KJ);quantité d’acides gras satures (g);quantite de sucres (g);quantite de Sodium (mg/g);quantite de proteines (g);quantite de Fibres (g);teneur en Fruits/Legumes/Fruits a coques;Score issue de nutri Score;label nutri Score;Green label;green score;Bio or no;Nombre d'aditif;URL
FIBRES – Wasa – 230 g;1397;1.0;2.0;4.8;12.0;26.0;0.0;0.0;a;a;91.0;Non;0;https://world.openfoodfacts.org/product/7300400481588/fine-rye-crispbread-fibre-wasa
14 Maxi Tranches complet sans sucres ajoutés – Jacquet – 550 g;1026;0.3;3.8;4.8;8.7;6.6;0.0;2.0;b;a;83.0;Non;0;https://world.openfoodfacts.org/product/3029330022428/14-maxi-tranches-complet-sans-sucres-ajoutes-jacquet
cruesly mélange de noix – Quaker – 450 g;1913;2.0;12.0;0.0;8.5;10.0;10.7;1.0;b;b;66.0;Non;1;https://world.openfoodfacts.org/product/3168930010265/cruesli-mixed-nuts-quaker
Weetabix produit à base de blé complet 100% – Weetabix – 430g;1516;0.53;4.2;1.04;12.0;10.0;0.0;-3.0;a;d;39.0;Non;0;https://world.openfoodfacts.org/product/5010029000023/weetabix
Muesli Raisin, Figue, Abricot – Bjorg – 375 g;1485;0.9;14.0;0.12;11.0;10.0;24.5;-2.0;a;a;87.0;Oui;0;https://world.openfoodfacts.org/product/3229820129488/muesli-raisin-figue-abricot-bjorg
pain de mie grandes tranches spécial sandwich complet – Lidl,Maître Jean Pierre – 750 g;1089;0.5;5.0;4.0;8.3;6.3;4.5;2.0;b;b;74.0;Non;1;https://world.openfoodfacts.org/product/4056489007180/pepsil-lidl
Cracotte Céréales Complètes – lu, LU – 250;1591;1.0;7.9;6.4;11.0;5.4;0.0;10.0;c;b;64.0;Non;0;https://world.openfoodfacts.org/product/3041090063206/cracotte-cereales-completes-lu
Special Muesli 30% fruits & noix – Jordans – 750 g;1523;2.0;17.0;0.12;10.0;8.8;33.3125;0.0;a;b;73.0;Non;0;https://world.openfoodfacts.org/product/5010477348678/special-muesli-30-fruits-noix-jordans
Harrys brioche tressee nature au sucre perle sans additifs 500g – Harrys – 500 g;1496;1.0;13.0;3.2;8.6;4.5;10.8;5.0;c;c;47.0;Non;0;https://world.openfoodfacts.org/product/3228857001231/brioche-tressee-a-la-main-sans-additifs-harrys
Tartines craquantes quinoa - pois chiche sans gluten – Jardin Bio;1603;0.5;0.6;2.0;9.6;4.7;0.0;1.0;b;a;95.0;Oui;0;https://world.openfoodfacts.org/product/06153153/tartines-craquantes-quinoa-pois-chiche-sans-gluten-jardin-bio
100% mie complet 500g – Harry's – 500 g;1053;0.4;5.5;4.4;7.5;6.5;5.2625;2.0;b;a;84.0;Non;0;https://world.openfoodfacts.org/product/3228857000166/100-mie-complet-volkoren-harry-s
MULTISEED WHOLEMEAL FARMHOUSE LOAF – Sainsbury's taste the difference – 800g;1136;1.1;4.2;3.3600000000000003;12.8;7.4;0.405000000000001;0.0;a;a;75.0;Non;1;https://world.openfoodfacts.org/product/01318180/multiseed-wholemeal-farmhouse-loaf-sainsbury-s-taste-the-difference
Biscottes 6 Céréales – Heudebert – 300 g;1698;2.4;3.4;6.4;13.0;5.0;0.0;12.0;d;a;77.0;Non;3;https://world.openfoodfacts.org/product/3392460480827/biscottes-6-cereales-heudebert
Sablés Anglais L'Original – McVitie's,United Biscuits – 400 g;2025;10.1;15.1;5.2;7.0;3.7;0.0;25.0;e;c;53.0;Non;3;https://world.openfoodfacts.org/product/5000168198491/digestive-biscuits-mcvitie-s
Brioche moins de sucre – Harrys – 485 g;1354;1.1;9.3;4.0;8.4;7.2;8.859375;7.0;c;c;49.0;Non;0;https://world.openfoodfacts.org/product/3228857001378/brioche-moins-de-sucre-harrys
Pain de mie Bio grandes tranches céréales & graines 500g – La Boulangère – 500 g;1306;0.9;4.9;4.0;9.2;4.0;0.0;4.0;c;a;91.0;Oui;1;https://world.openfoodfacts.org/product/3760049794298/pain-de-mie-bio-grandes-tranches-cereales-graines-500g-la-boulangere
Flocons d'avoine complète – Quaker – 550 g;1570;1.5;1.1;0.04;11.0;9.0;0.0;-4.0;a;a;76.0;Non;0;https://world.openfoodfacts.org/product/3168930009078/flocons-d-avoine-complete-quaker
Country Crisp 4 noix – Jordans – 550 g;1949;2.6;18.0;0.12;11.0;6.1;16.25;9.0;c;e;29.0;Non;0;https://world.openfoodfacts.org/product/5010477348357/country-crisp-jordans
Maizena Fleur de Maïs Sans Gluten 400g – Maïzena, Unilever – 400 g;1487;0.1;0.5;0.04;0.5;1.0;0.0;4.0;c;a;85.0;Non;0;https://world.openfoodfacts.org/product/8712100338694/cornstarch-maizena
Harrys pain de mie 100% mie nature sans croute 500g – Harrys – 500 g;1115;0.3;7.0;4.4;7.0;4.0;4.05000000000001;7.0;c;a;86.0;Non;0;https://world.openfoodfacts.org/product/3228857000852/pain-de-mie-sans-croute-harrys
6 Wraps blé complet – Old El Paso – 350 g;1240;1.03;2.24;4.21;9.14;5.17;0.0;4.0;c;a;78.0;Non;4;https://world.openfoodfacts.org/product/8410076470812/6-wraps-ble-complet-old-el-paso
Grilletine au froment sans sucres ajoutés – brioche pasquier – 255 g;1791;2.0;1.7;3.56;13.0;7.4;0.0;1.0;b;a;90.0;Non;2;https://world.openfoodfacts.org/product/3182180001477/grilletine-au-froment-sans-sucres-ajoutes-brioche-pasquier
NESTLE CHOCAPIC BIO Céréales 375g – Nestlé,Chocapic – 375 g;1648;1.6;19.9;0.8;9.1;8.2;0.0;2.0;b;c;50.0;Oui;0;https://world.openfoodfacts.org/product/7613036669146/nestle-chocapic-cereal-organic-375g-13-3oz
Céréales Chocapic – Nestlé,Chocapic – 430 g;1638;2.0;22.4;0.8799999999999999;8.8;7.5;0.0;7.0;c;e;29.0;Non;1;https://world.openfoodfacts.org/product/7613034626844/chocapic-cereals-nestle
Belvita Petit Déjeuner Chocolat – LU,Mondelez – 400 g;1846;3.6;27.0;2.48;7.9;6.8;7.5;14.0;d;d;44.0;Non;6;https://world.openfoodfacts.org/product/7622210713780/belvita-petit-dejeuner-chocolat-lu
Harrys beau & bon pain de mie farine de ble cereales & graines 320g – Harrys – 320 g;1206;0.7;3.5;4.0;12.0;6.0;7.125;1.0;b;a;80.0;Non;0;https://world.openfoodfacts.org/product/3228857001194/harrys-beau-bon-pain-de-mie-farine-de-ble-cereales-graines-320g
Country Crisp - Chocolat noir 70% cacao – Jordans – 550 g;1902;4.6;20.8;0.12;9.2;6.0;0.0;12.0;d;e;29.0;Non;1;https://world.openfoodfacts.org/product/5010477348395/country-crisp-chocolat-noir-70-cacao-jordans
Gnocchi à poêler – Lustucru,Lustucru selection – 325 g;801;0.3;1.5;4.4;5.0;2.6;5.20833333333333;5.0;c;a;82.0;Non;0;https://world.openfoodfacts.org/product/3240931548111/gnocchi-a-poeler-lustucru
Sweet & Salty Nut chocolat noir et mélange de noix, 5 barres de 30 g – General Mills France,Nature valley – 150 g ℮;1940;8.8;23.3;3.72;9.5;10.1;24.8886010684178;18.0;d;d;39.0;Non;4;https://world.openfoodfacts.org/product/8410076610621/sweet-salty-nut-chocolat-noir-et-melange-de-noix-5-barres-de-30-g-general-mills-france
Shredded wheat – Nestlé, Nestlé UK Ltd – 675g;1522;0.5;0.7;0.2;12.2;12.2;0.0;-6.0;a;d;40.0;Non;0;https://world.openfoodfacts.org/product/7613031473113/original-shredded-wheat-nestle
Cruesli Chocolat noir – Quaker – 450 g;1906;4.9;16.0;1.92;8.1;10.0;0.95;10.0;c;e;25.0;Non;3;https://world.openfoodfacts.org/product/3168930010906/cruesli-chocolat-noir-quaker
Country Crisp 4 Baies – Jordans – 550 g;1818;1.8;20.0;0.12;9.1;6.0;4.92857142857144;8.0;c;b;66.0;Non;0;https://world.openfoodfacts.org/product/5010477348517/country-crisp-4-baies-jordans
Belvita Brut & 5 céréales complètes – Lu – 400 gram;1833;1.4;22.0;5.6000000000000005;7.8;6.1;7.625;15.0;d;c;54.0;Non;5;https://world.openfoodfacts.org/product/7622210713926/belvita-brut-amp-5-cereales-completes-lu
Avoine - Boisson biologique – Bjorg – 1;187;0.3;4.0;0.36;0.5;0.5;0.0;6.0;c;a;82.0;Oui;0;https://world.openfoodfacts.org/product/3229820792132/avoine-boisson-biologique-bjorg
Copos de avena – Brüggen – 500 g;1580;1.3;0.7;0.08;14.0;10.0;0.0;-5.0;a;a;76.0;Non;0;https://world.openfoodfacts.org/product/4008713756661/copos-de-avena-bruggen
Tartines de Pain Blé Complet – Brioche Pasquier – 240 g (24 tr);1615;0.8;4.2;6.0;13.0;8.7;0.0;7.0;c;a;80.0;Non;1;https://world.openfoodfacts.org/product/3182180060320/tartines-de-pain-ble-complet-brioche-pasquier
NESTLE CHOCAPIC Céréales 375g – Nestlé, Chocapic – 375 g;1624;1.1;19.9;0.8;8.5;7.7;0.0;2.0;b;d;41.0;Non;1;https://world.openfoodfacts.org/product/3387390123210/nestle-chocapic-cereales-375g
Pain AMS complet – Harrys – 600 g;1100;0.4;4.9;4.8;7.7;7.2;14.4151515151515;2.0;b;a;85.0;Non;0;https://world.openfoodfacts.org/product/3228857000906/pain-ams-complet-harrys
Tartines céréales 450g – La Boulangère – 450 g;1249;1.0;2.9;4.4;10.0;5.8;16.2333333333333;1.0;b;a;75.0;Non;2;https://world.openfoodfacts.org/product/3760049796384/tartines-cereales-450g-la-boulangere
Pain de mie complet – Ekmek – 600 g;975;0.12;3.8;4.2;8.0;5.0;0.0;3.0;c;a;75.0;Non;9;https://world.openfoodfacts.org/product/6111246910023/pain-de-mie-complet-ekmek
Krisprolls – Krisprolls – 425 g;1824;4.0;10.0;2.68;9.0;3.0;2.0;13.0;d;a;95.0;Non;0;https://world.openfoodfacts.org/product/7311070362664/krisprolls
Bran Flakes – Tesco – 750g;1485;0.5;10.2;2.36;10.6;15.7;0.0;0.0;a;e;25.0;Non;0;https://world.openfoodfacts.org/product/5057753158422/bran-flakes-malty-crunch-tesco
Pain de mie grandes tranches Toastiligne céréales & graines 500g – La Boulangère – 500 g;1056;0.4;3.8;4.0;11.0;5.9;0.0;1.0;b;a;80.0;Non;2;https://world.openfoodfacts.org/product/3760049795479/pain-de-mie-grandes-tranches-toastiligne-cereales-graines-500g-la-boulangere
Bran Flakes Cereal – Kellogg's – 750 g;1509;0.4;14.0;2.64;11.0;17.0;0.0;1.0;b;e;25.0;Non;0;https://world.openfoodfacts.org/product/5000127062092/bran-flakes-kellogg-s
Les Galettes Boulgour & Quinoa - Tomate & Paprika – Céréal Bio – 200 g (2 x 100 g);792;0.6;3.8;3.8;7.5;5.0;24.1166666666667;2.0;b;a;91.0;Oui;0;https://world.openfoodfacts.org/product/3175681028111/les-galettes-boulgour-quinoa-tomate-paprika-cereal-bio
Fitness Nature Céréales complètes – Nestle – 475 g;1560;0.6;8.3;2.24;9.8;8.5;0.0;-1.0;a;d;31.0;Non;1;https://world.openfoodfacts.org/product/7613287514325/original-fitness-nestle
Avena crunchy – Hacendado – 400 g;1645;1.0;4.6;0.8;13.0;11.0;0.0;-5.0;a;e;29.0;Non;1;https://world.openfoodfacts.org/product/8480000156112/avena-crunchy-hacendado
Muesli Croustillant Noix de pécan & noix du Brésil – Quaker – 500 g;1757;1.8;13.0;0.96;11.0;13.0;6.9;1.0;b;b;62.0;Non;2;https://world.openfoodfacts.org/product/3168930009795/muesli-croustillant-noix-de-pecan-noix-du-bresil-quaker
Pain de mie grandes tranches 7 cereales – Maître Jean Pierre – 750g;1214;1.0;3.4;4.0;10.4;5.0;5.98125;1.0;b;a;75.0;Non;1;https://world.openfoodfacts.org/product/4056489235798/pain-de-mie-grandes-tranches-7-cereales-maitre-jean-pierre
Flocons d'avoine complete – Carrefour – 500 g;1566;1.3;0.7;0.0;14.0;10.0;0.0;-5.0;a;a;76.0;Non;0;https://world.openfoodfacts.org/product/3560070614202/oat-flakes-carrefour
Kinder Country – Kinder, Ferrero – 211.5 g;2342;21.9;49.1;1.1;8.6;2.0;0.0;31.0;e;e;26.0;Non;2;https://world.openfoodfacts.org/product/4008400260921/kinder-country
Bran Flakes – Crownfield,Lidl – 500 g;1526;0.5;13.2;2.52;11.1;17.2;0.0;1.0;b;e;29.0;Non;0;https://world.openfoodfacts.org/product/20621483/bran-flakes-crownfield
Tortillas de trigo integrales – Hacendado – 360 g;1132;1.9;2.1;6.0;9.3;8.5;0.0;6.0;c;b;73.0;Non;9;https://world.openfoodfacts.org/product/8480000809421/tortillas-100-integrales-hacendado
Avena Crunchy Cacao – Hacendado – 400 g;1656;1.6;9.0;0.72;13.0;11.0;0.0;-3.0;a;e;29.0;Non;1;https://world.openfoodfacts.org/product/8402001015205/avena-crunchy-cacao-hacendado
Flocons d'avoine complète – Quaker Oats – 800 g;1570;1.5;1.1;0.04;11.0;9.0;0.0;-4.0;a;a;86.0;Non;0;https://world.openfoodfacts.org/product/3168930003632/flocons-d-avoine-complete-quaker-oats
8 Pains au lait frais Bio 280g – La Boulangère Bio, La boulangere – 280 g;1451;1.2;8.7;3.6;9.3;2.4;0.0;11.0;d;a;91.0;Oui;0;https://world.openfoodfacts.org/product/3284230011884/8-pains-au-lait-frais-bio-280g-la-boulangere-bio
Biscottes sans sel et sans sucre ajoutés – Pasquier – 300 g;1635;0.5;2.2;0.08;15.0;7.0;0.0;-6.0;a;a;76.0;Non;1;https://world.openfoodfacts.org/product/3182189999805/biscottes-sans-sel-et-sans-sucre-ajoutes-pasquier
Pain de mie american sandwich rustique sans sucres ajoutés 500g – Harry's – 500 g;1233;0.8;3.0;4.0;11.0;8.7;6.15000000000004;-2.0;a;a;79.0;Non;0;https://world.openfoodfacts.org/product/3228857002245/american-sandwich-rustique-seigle-et-graines-harry-s
Sablés chocolat – McVitie's – 300 g;2078;12.4;28.5;3.76;6.7;3.0;0.0;28.0;e;d;40.0;Non;5;https://world.openfoodfacts.org/product/5000168198514/sables-chocolat-mcvitie-s
Tartine p'tit dej complet ssa – Jacquet – 410 g;1127;0.5;5.3;4.0;10.0;6.2;3.3515625;1.0;b;a;79.0;Non;0;https://world.openfoodfacts.org/product/3029330069898/tartine-p-tit-dej-complet-ssa-410g-jacquet
La Biscotte 96% de céréales – Heudebert – 2 x 150 g;1722;3.4;6.8;4.8;11.0;3.6;0.0;13.0;d;a;75.0;Non;3;https://world.openfoodfacts.org/product/7622210416629/la-biscotte-96-de-cereales-heudebert
Extra moelleux nature – HARRYS – 500 g;1202;0.5;6.5;4.72;8.1;5.0;7.48374999999999;4.0;c;a;83.0;Non;0;https://world.openfoodfacts.org/product/3228857000883/extra-moelleux-nature-harrys
Pain complet – Jacquet – 825 g;1038;0.3;3.8;4.8;8.7;6.6;12.0;2.0;b;a;82.0;Non;0;https://world.openfoodfacts.org/product/3029330071280/pain-complet-jacquet
Corn Flakes 0% azúcares añadidos – Hacendado – 30;1583;0.4;0.9;4.0;6.7;4.4;0.0;4.0;c;c;48.0;Non;1;https://world.openfoodfacts.org/product/8480000229663/corn-flakes-0-azucares-anadidos-hacendado
Muesli bio 36% fruits, noix & graines – Jordans – 500 g;1569;2.8;18.9;0.12;9.3;8.5;17.5;6.0;c;a;82.0;Oui;0;https://world.openfoodfacts.org/product/5010477348630/muesli-bio-36-fruits-noix-graines-jordans
Belgian Dark Chocolate Rice Cake Thins imp – Kallø – 90g;2039;14.6;23.4;0.0;6.8;7.4;0.0;18.0;d;a;78.0;Oui;0;https://world.openfoodfacts.org/product/5013665103028/belgian-dark-chocolate-rice-cake-thins-imp-kall%C3%B8
Céréales All Bran Kellogg's Fibre Plus – Kellogg's – 500 g;1400;0.7;18.0;3.8;14.0;27.0;0.0;8.0;c;d;40.0;Non;0;https://world.openfoodfacts.org/product/3159470001424/all-bran-fibre-plus-kellogg-s
Maxi Tranches Sans sucre ajouté Nature – Jacquet – 550 g;1054;0.3;4.5;4.4;8.3;3.4;7.33333333333334;5.0;c;a;83.0;Non;0;https://world.openfoodfacts.org/product/3029330022411/maxi-tranches-sans-sucre-ajoute-nature-jacquet
Grape-Nuts – Post – 580 g;1516;0.3;8.9;4.0;11.2;12.0;0.0;1.0;b;d;35.0;Non;0;https://world.openfoodfacts.org/product/0884912005502/grape-nuts-post
Crousti' Avoine Chocolat – Bjorg – 500 g;1747;4.4;14.0;0.4;10.0;9.5;0.450000000000003;7.0;c;a;87.0;Oui;2;https://world.openfoodfacts.org/product/3229820786605/crousti-avoine-chocolat-bjorg
Grilletine Sans sucres ajoutés Blé complet – Pasquier – 255 g;1690;2.4;2.1;3.6;13.0;12.7;0.0;6.0;c;a;85.0;Non;1;https://world.openfoodfacts.org/product/3182180002542/grilletine-sans-sucres-ajoutes-ble-complet-pasquier
Cookie crisp,Nestlé – 375 g;1659;0.9;22.4;2.64;6.7;6.0;0.0;10.0;c;d;44.0;Non;2;https://world.openfoodfacts.org/product/3387390326574/cereales-pretes-a-consommer-avec-des-pepites-saveur-chocolat-3-avec-6-vitamines-calcium-et-fer-cookie-crisp
Muesli bio chocolat noir – Jordans – 450 g;1672;3.1;8.9;0.12;9.1;4.1;0.0;5.0;c;a;86.0;Oui;1;https://world.openfoodfacts.org/product/5010477356239/muesli-bio-chocolat-noir-jordans
Galettes de Maïs – Bio Organic,Lidl,Sondey – 130 g;1623;0.2;0.2;1.24;7.0;0.0;0.0;3.0;c;b;69.0;Oui;0;https://world.openfoodfacts.org/product/4334035071848/galettes-de-mais-bio-organic
Beau & bon pain de mie complet lin tournesol 320g – Harrys – 320 g;1273;1.0;3.5;3.6;11.0;7.0;2.10000000000001;0.0;a;b;73.0;Non;0;https://world.openfoodfacts.org/product/3228857001101/beau-bon-pain-de-mie-complet-lin-tournesol-320g-harrys
Pain de mie Bio grandes tranches complet sans sucres ajoutés 500g – La Boulangère – 500 g;1060;0.5;1.9;3.96;10.0;6.9;0.0;-1.0;a;a;90.0;Oui;1;https://world.openfoodfacts.org/product/3760049798869/pain-de-mie-bio-grandes-tranches-complet-sans-sucres-ajoutes-500g-la-boulangere
Pain de mie grandes tranches Avoine & Graines 500g – La BOULANGÈRE – 500 g;1150;1.0;2.2;3.72;12.0;6.0;0.0;0.0;a;b;71.0;Non;2;https://world.openfoodfacts.org/product/3760049798845/pain-de-mie-avoine-graines-x-14-tranches-la-boulangere
Banania Original - Cacao Céréales Touche De Banane & Miel – Banania – 400 g;1577;1.4;69.0;0.24;5.6;6.7;0.25;9.0;d;c;47.0;Non;0;https://world.openfoodfacts.org/product/3700278400881/banania-original-cocoa-cereals-with-hint-of-banana-honey
Wheat Biscuits malty & crispy – Tesco – 24x19g;1514;0.6;4.4;1.2;12.0;10.0;0.0;-3.0;a;d;39.0;Non;0;https://world.openfoodfacts.org/product/5000119117342/wheat-biscuits-malty-crispy-tesco
Pain Grillé l'Original – BRIOCHE PASQUIER – 415 g;1643;0.4;4.1;5.2;11.0;4.3;0.0;9.0;c;a;94.0;Non;1;https://world.openfoodfacts.org/product/3182180002436/pain-grille-l-original-brioche-pasquier
HERTA TARTE EN OR Pâte Feuilletée 230g – HERTA, Tarte en or – 230 g;1602;9.2;1.9;4.8;6.5;1.4;6.06875;18.0;d;d;39.0;Non;0;https://world.openfoodfacts.org/product/3154230600183/herta-tarte-en-or-pate-feuilletee-230g
Fakiat Barbeque – leader food – 18g;2145;11.2;0.5;4.4;8.0;6.2;0.0;11.0;d;b;73.0;Non;2;https://world.openfoodfacts.org/product/6111242040991/fakiat-barbeque-leader-food
Lustucru gnocchi a poêler format xxl 720g – Lustucru, Lustucru selection – 720 g;801;0.3;1.5;4.4;5.0;2.6;5.20833333333333;5.0;c;a;77.0;Non;0;https://world.openfoodfacts.org/product/3240931548135/lustucru-gnocchi-a-poeler-format-xxl-720g
Céréales Extra Pépites Chocolat Noisettes – Kellogg's – 500 g;2076;12.0;21.0;2.72;8.0;5.8;3.0;22.0;e;e;15.0;Non;1;https://world.openfoodfacts.org/product/3159470005071/cereales-extra-pepites-chocolat-noisettes-kellogg-s
Flocons d'avoine – Bjorg – 900 g;1524;1.0;0.0;0.333333333333333;10.8333333333333;11.0;0.0;-5.0;a;a;87.0;Oui;0;https://world.openfoodfacts.org/product/3229820796857/flocons-d-avoine-bjorg
Muesli Bio Superfruits – Jordans – 450 g;1520;1.0;10.2;0.12;11.2;9.4;18.0;-2.0;a;a;86.0;Oui;0;https://world.openfoodfacts.org/product/5010477354051/muesli-bio-superfruits-jordans
Cuor di Cereale – Galletas Gullon – 300 g;1921;1.7;21.0;3.0;7.2;11.0;10.8970588235294;10.0;c;b;64.0;Non;6;https://world.openfoodfacts.org/product/8410376040425/cuor-di-cereale-galletas-gullon
Pain AMS 7 céréales – Harrys – 550 g;1171;0.7;5.0;4.5200000000000005;10.7;6.5;4.74999999999999;1.0;b;a;84.0;Non;0;https://world.openfoodfacts.org/product/3228850000262/pain-ams-7-cereales-harrys
Nestlé – 100 g;2147;15.5;50.4;1.4;6.5;1.9;0.0;31.0;e;c;48.0;Non;1;https://world.openfoodfacts.org/product/8000300264388/crunch-nestle
Lentilles cuisinées, riz & soja – Céréal Bio – 250g;638;1.1;1.6;2.88;6.4;8.9;50.0;-3.0;b;a;95.0;Oui;0;https://world.openfoodfacts.org/product/3175681170872/lentilles-cuisinees-riz-soja-cereal-bio
Pain grillé Pelletier – LU, Pelletier – 500 g;1628;2.0;2.5;7.199999999999999;12.0;0.9;0.0;13.0;d;a;75.0;Non;1;https://world.openfoodfacts.org/product/7622210416667/pain-grille-pelletier-lu
Quaker Cruesli Chocolat au lait – Quaker – 450 g;1914;4.8;20.0;2.04;7.7;8.7;1.87727272727273;11.0;d;e;29.0;Non;2;https://world.openfoodfacts.org/product/3168930010890/quaker-cruesli-chocolat-au-lait
Tartined Craquantes Châtaigne – Jardin bio, Léa Nature – 150 g;1588;0.5;5.1;2.2;7.2;2.0;0.0;5.0;c;a;95.0;Oui;0;https://world.openfoodfacts.org/product/3760020508388/tartined-craquantes-chataigne-jardin-bio
chocapic – Nestlé, Chocapic – 1000 g;1624;1.1;19.9;0.8;8.5;7.7;0.0;2.0;b;c;45.0;Non;1;https://world.openfoodfacts.org/product/7613032779566/chocapic-nestle
NESTLE CHOCAPIC Céréales 750g – Nestlé – 750 g;1638;2.0;22.4;0.8799999999999999;8.8;7.5;0.0;7.0;c;d;31.0;Non;1;https://world.openfoodfacts.org/product/7613034947611/nestle-chocapic-cereales-750g
Wholewheat biscuits – By Sainsbury's;1516;0.6;4.4;1.12;12.0;10.0;0.0;-3.0;a;e;29.0;Non;0;https://world.openfoodfacts.org/product/00130530/wholewheat-biscuits-by-sainsbury-s
Prince Multicéréales Goût Chocolat Au Blé Complet – LU – 293 g ℮ (15 biscuits);1944;5.1;31.0;2.56;6.5;4.4;6.29545454545455;19.0;e;d;40.0;Non;3;https://world.openfoodfacts.org/product/7622210449313/prince-multicereales-gout-chocolat-au-ble-complet-lu
Pain au lait bio x12 420g – la boulangère – 420 g;1453;1.2;8.7;3.6;9.4;2.4;0.0;11.0;d;a;82.0;Oui;0;https://world.openfoodfacts.org/product/3760049798890/pain-au-lait-bio-x12-420g-la-boulangere
Pain de mie nature – Harrys – 650 g;1125;0.4;7.7;4.4;7.0;3.8;4.4;7.0;c;a;85.0;Non;0;https://world.openfoodfacts.org/product/3228857000913/pain-de-mie-nature-harrys
Pain 100% mie nature sans sucre ajouté – Harrys – 500 g;1100;0.4;5.6;4.0;7.1;4.9;6.3;4.0;c;a;75.0;Non;0;https://world.openfoodfacts.org/product/3228857001118/pain-100-mie-nature-sans-sucre-ajoute-harrys
Le pain au Seigle – Carrefour – 500 g;933;0.3;3.4;4.8;7.1;6.3;0.0;2.0;b;a;82.0;Non;3;https://world.openfoodfacts.org/product/3560070879762/le-pain-au-seigle-carrefour
NESTLE LION céréales 400g​ – Nestlé, Lion – 400 g;1709;1.1;24.5;1.92;8.1;7.0;0.0;11.0;d;d;40.0;Non;1;https://world.openfoodfacts.org/product/3387390019995/nestle-lion-cereales-400g
Multigrain Alpha Bites – Bear – 350g;1606;0.5;11.0;0.08;9.3;7.0;0.0;0.0;a;e;25.0;Non;0;https://world.openfoodfacts.org/product/5060139434386/multigrain-alpha-bites-bear
Shreddies – Nestle – 460g;1538;0.3;12.5;2.88;10.8;12.0;0.0;1.0;b;e;25.0;Non;0;https://world.openfoodfacts.org/product/7613287136053/shreddies-nestle
Lustucru gnocchi a poêler 520g – Lustucru, Lustucru selection – 520 g;801;0.3;1.5;4.4;5.0;2.6;5.20833333333333;5.0;c;a;82.0;Non;0;https://world.openfoodfacts.org/product/3240931548128/lustucru-gnocchi-a-poeler-520g
Biscotte gout brioche heudebert – LU – 290 g;824;2.2;5.4;2.0;5.0;1.7;1.74107142857143;5.0;c;a;79.0;Non;4;https://world.openfoodfacts.org/product/3017760771894/biscotte-gout-brioche-heudebert-lu
4 Baguettes viennoises 340g – La Boulangère – 340 g;1376;1.3;7.8;3.64;9.7;3.1;8.47916666666666;10.0;c;a;81.0;Non;2;https://world.openfoodfacts.org/product/3760049790818/4-baguettes-viennoises-340g-la-boulangere
Pain de mie Grandes Tranches 7 céréales – Maître Jean Pierre,Lidl – 550 g;1194;0.9;6.2;4.4;8.2;4.0;2.05;5.0;c;a;85.0;Non;3;https://world.openfoodfacts.org/product/20712785/pain-de-mie-grandes-tranches-7-cereales-maitre-jean-pierre
Granola Amandes Noisettes & Graines – Jordans – 400 g;1892;2.4;2.5;0.12;12.6;16.1;18.75;-3.0;a;b;67.0;Non;0;https://world.openfoodfacts.org/product/5010477356277/granola-amandes-noisettes-graines-jordans
Muesli pépites croustillantes chocolat-noissette réduit en sucre – Marque Repère, Grainéa – 350 g;1810;2.9;9.3;0.28;10.0;12.0;4.0;0.0;a;b;66.0;Non;3;https://world.openfoodfacts.org/product/3564706604360/muesli-pepites-croustillantes-chocolat-noissette-reduit-en-sucre-marque-repere
LU - Grany Chocolate 5 Cereals Bar x6, 125g (4.5oz) – Lu – 125 g;1864;7.6;24.0;2.72;5.4;4.4;2.375;19.0;e;d;35.0;Non;2;https://world.openfoodfacts.org/product/3392460511200/lu-grany-chocolate-5-cereals-bar-x6-125g-4-5oz
Melloeux Fruit Rouges – BelVita, LU, Mondelēz – 250 g;1620;1.1;22.0;1.36;5.3;7.2;18.76875;8.0;c;c;54.0;Non;4;https://world.openfoodfacts.org/product/7622210444127/melloeux-fruit-rouges-belvita
Chips saveur Sel & Vinaigre – Brets – 125 g;2177;2.6;0.9;7.199999999999999;6.3;4.8;0.0;14.0;d;a;79.0;Non;3;https://world.openfoodfacts.org/product/3497911105127/%C4%8Dips-brets
PAIN MIE SANDWICH BIO* COMPLET Sans sucres ajoutés 500G – Bien – 500 g;1060;0.5;1.9;3.96;10.0;6.9;0.0;-1.0;a;a;90.0;Oui;1;https://world.openfoodfacts.org/product/3760049794373/pain-mie-sandwich-bio-complet-sans-sucres-ajoutes-500g-bien
Chips sea salt & cider vinegar – Tyrrels – 150g;2042;3.0;0.6;8.0;5.2;3.3;0.3;16.0;d;a;90.0;Non;1;https://world.openfoodfacts.org/product/10600425/chips-sea-salt-cider-vinegar-tyrrels
HERTA Pâte à Pizza Fine et Rectangulaire 390g – Herta – 390 g;1214;0.5;2.9;5.972;8.7;1.0;11.684;7.0;c;b;74.0;Non;0;https://world.openfoodfacts.org/product/7613035648463/herta-pate-a-pizza-fine-et-rectangulaire-390g
Pain complet seigle – Bjorg – 500 g;835;0.2;4.0;4.4;4.6;10.0;0.0;2.0;b;a;102.0;Oui;0;https://world.openfoodfacts.org/product/3229820019208/pain-complet-seigle-bjorg
Gerblé cacao céréales – Gerblé – 160 g;1902;2.2;13.0;0.68;10.0;6.1;12.0;3.0;c;b;65.0;Non;2;https://world.openfoodfacts.org/product/3175681261372/gerble-cacao-cereals-cookie-160g-5-7oz
Pain de mie grandes tranches complet – Marque Repère, Epi d'Or, Scamark (Filiale E. Leclerc) – 550 g;1075;0.8;6.2;4.4;9.3;7.4;1.41826923076923;2.0;b;b;70.0;Non;4;https://world.openfoodfacts.org/product/3564700596968/pain-de-mie-grandes-tranches-complet-marque-repere
HERTA TARTE EN OR Pâte Brisée 230g – Tarte en or, Herta – 230 g;1622;9.2;2.0;4.0;5.8;2.3;9.91666666666666;17.0;d;c;45.0;Non;0;https://world.openfoodfacts.org/product/3154230600121/herta-tarte-en-or-pate-brisee-230g
Rice Krispies – Kellogg's – 360g;1649;0.4;7.9;4.0;7.0;2.9;0.0;8.0;c;e;29.0;Non;0;https://world.openfoodfacts.org/product/5059319023533/rice-krispies-kellogg-s
Céréales Extra Kellogg's Pépites Chocolat au lait – Kellogg's – 500 g;2026;12.0;25.0;2.72;7.0;4.9;0.375;24.0;e;d;30.0;Non;1;https://world.openfoodfacts.org/product/5050083516313/cereales-extra-kellogg-s-pepites-chocolat-au-lait
Granola baja en azúcares – Hacendado – 400 g;1993;3.5;4.7;0.08;13.6;8.5;7.0;-1.0;a;b;62.0;Non;0;https://world.openfoodfacts.org/product/8480000094742/granola-hacendado
La Chips de Sarrasin au Sel de Guérande – Brets – 120 g e;2359;3.1;0.6;4.4;8.9;4.6;0.0;0.0;b;a;89.0;Non;0;https://world.openfoodfacts.org/product/3497917002451/chips-de-sarrasin-au-sel-de-guerande-brets
100% mie – Harrys – 500 g;1122;0.4;7.7;4.4;7.0;4.0;4.40000000000003;7.0;c;a;88.0;Non;0;https://world.openfoodfacts.org/product/3228857000869/100-mie-harrys
Céréales Trésor Kellogg's Chocolat Noisettes - 1kg – Kellogg's – 1000 g;1838;3.5;26.0;4.4;7.0;3.5;2.58333333333333;19.0;e;e;20.0;Non;5;https://world.openfoodfacts.org/product/5050083535079/cereales-tresor-kellogg-s-chocolat-noisettes-1kg
Pomme de terre nature – Lay's, Lays – 155 g;2250;3.7;0.5;4.4;6.2;3.9;5.62083333333333;13.0;d;b;73.0;Non;0;https://world.openfoodfacts.org/product/3168930167983/pomme-de-terre-nature-lay-s
Crunchy Avoine & Fruits Rouge 5 x 42 g – Nature Valley – 210 g;1900;2.62;30.2;2.67;7.38;6.19;11.2727272727273;15.0;d;c;59.0;Non;2;https://world.openfoodfacts.org/product/8410076600448/oats-berries-nature-valley
Muesli – Bjorg – 750g;1485;0.9;14.0;0.12;11.0;10.0;29.4375;-2.0;a;a;87.0;Oui;0;https://world.openfoodfacts.org/product/3229820797946/muesli-bjorg
Chips nature – Lay's, Lays – 135 g;2121;3.2;0.5;4.4;6.1;4.3;5.7875;12.0;d;b;73.0;Non;0;https://world.openfoodfacts.org/product/3168930171737/chips-nature-lay-s
Krisprolls – Pagen – 240g;1678;2.1;7.0;6.29;12.0;7.7;3.5;11.0;d;a;95.0;Non;0;https://world.openfoodfacts.org/product/7311070032581/krisprolls-complets-pagen
Bebida de Avena Calcio y Vitaminas – Hacendado;219;2.0;3.6;0.4599999999999999;0.5;0.56;0.0;8.0;d;c;52.0;Non;2;https://world.openfoodfacts.org/product/8480000861672/bebida-de-avena-calcio-y-vitaminas-hacendado
Flocons d'avoine complets – Terres & Céréales BIO – 500 g;1564;1.3;0.9;0.04;12.0;10.0;0.0;-4.0;a;a;87.0;Oui;0;https://world.openfoodfacts.org/product/3421557910203/flocons-d-avoine-complets-terres-cereales-bio
Pain grillé – Brioche Pasquier – 20 tr.;1698;0.7;3.3;5.2;11.0;5.8;0.0;8.0;c;a;77.0;Non;0;https://world.openfoodfacts.org/product/3182180002474/pain-grille-brioche-pasquier
Pâte brisée – Norma – 230g;148;0.1;4.5;4.72;1.2;1.4;5.94714285714286;6.0;c;c;57.0;Non;3;https://world.openfoodfacts.org/product/20004361/cornichons-norma
Golden grahams,Nestlé – 375 g;1599;0.4;24.5;3.88;6.9;6.5;0.0;11.0;d;d;30.0;Non;1;https://world.openfoodfacts.org/product/3387390339505/golden-crahams-golden-grahams
Pan de Molde 100% Integral – Hacendado – 460 g;1003;0.7;2.9;4.0;11.0;7.4;0.0;-2.0;a;b;74.0;Non;6;https://world.openfoodfacts.org/product/8480000823281/100-integral-hacendado
Heudebert Blé complet – Heudebert – 280 g;1636;1.9;7.4;5.72;14.0;6.5;0.0;10.0;c;a;79.0;Non;1;https://world.openfoodfacts.org/product/7622210941480/heudebert-ble-complet
Maxi tranches complet – Carrefour, Carrefour-classic – 550 g;1125;0.5;4.8;4.4;9.2;5.8;9.725;3.0;c;a;79.0;Non;1;https://world.openfoodfacts.org/product/3560071472719/classic-maxi-tranches-complet-carrefour
Crunchy Nut – Kellogg's – 500 g;1680;0.667;36.7;3.07;6.0;2.67;6.0;18.0;d;d;31.0;Non;0;https://world.openfoodfacts.org/product/5000127049307/crunchy-nut-kellogg-s
Smacks – Kellogg's, Smacks – 400 g;1597;0.3;34.0;0.08;7.1;5.0;0.0;11.0;d;e;29.0;Non;0;https://world.openfoodfacts.org/product/5053827101424/smacks-kellogg-s
Harrys brioche tranchee pepites de chocolat sans additif 485g – Harry's – 485 g;1500;2.7;17.0;2.6;7.5;5.2;8.50048828125;11.0;d;b;61.0;Oui;0;https://world.openfoodfacts.org/product/3228857001347/harrys-brioche-tranchee-pepites-de-chocolat-sans-additif-485g-harry-s
Muesli croustillant duo pépites – Terres et céréales bio – 100;1823;3.8;25.0;0.2;9.2;7.6;0.125558035714292;10.0;c;a;86.0;Oui;0;https://world.openfoodfacts.org/product/3421557501975/muesli-croustillant-duo-pepites-terres-et-cereales-bio
White Pitta Bread – Tesco;1063;0.1;2.4;2.3200000000000003;9.4;3.8;0.0;1.0;b;a;75.0;Non;1;https://world.openfoodfacts.org/product/5000119082985/white-pittas-tesco
Pâtes linguine collezione 500g – Barilla – 500 g;1521;0.5;3.5;0.04;13.0;3.0;0.0;0.0;a;b;73.0;Non;0;https://world.openfoodfacts.org/product/8076809523509/collezione-linguine-barilla
Céréales trésor - chocolat au lait – Kellogs – 410g;1854;4.7;25.0;3.84;7.0;3.7;2.63541666666667;19.0;e;e;20.0;Non;6;https://world.openfoodfacts.org/product/5053827199667/kelloggs-tresor-kellogs
Nestle Shreddies – Nestlé – 1. 1kg;1540;0.3;12.5;2.88;10.8;12.0;0.0;1.0;b;e;25.0;Non;0;https://world.openfoodfacts.org/product/8445290384874/shreddies-nestle
Golden Wheat Swedish Krisprolls, 7.9oz (225g) – Pagen – 240 g;1808;1.3;9.5;2.64;10.0;3.1;2.0;10.0;c;a;77.0;Non;0;https://world.openfoodfacts.org/product/7311070032574/krisprolls-dores-pagen
Muesli Crunchy – Crownfield, Lidl – 500gr;1867;3.0;16.0;0.00052;8.9;9.8;1.5;6.0;c;b;67.0;Non;3;https://world.openfoodfacts.org/product/4056489687337/ganola-crownfield
Duo Fourré Goût Chocolat 🍫 Noisette 🥜 – Belvita – 5x2 biscuits / 5×50,6 g = 253g;1880;5.14;27.7;2.06;7.51;5.53;0.0;17.0;d;d;44.0;Non;5;https://world.openfoodfacts.org/product/3017760656092/duo-fourre-gout-chocolat-%F0%9F%8D%AB-noisette-%F0%9F%A5%9C-belvita
Le Ravioli pur boeuf – Panzani – 800 g;384;0.8;1.4;3.0;3.8;1.6;8.65384615384616;3.0;c;b;68.0;Non;1;https://world.openfoodfacts.org/product/3038352880305/le-ravioli-pur-boeuf-panzani
Diet nature galletas de desayuno con cereales – Gullón – 216 g;1719;1.3;1.4;2.6;6.8;9.8;0.0;2.0;b;c;54.0;Non;4;https://world.openfoodfacts.org/product/8410376042498/zero-breakfast-cereal-imp-gullon
Gran Cereale classico – Barilla, Gran Cereale, Mulino Bianco – 500g;1930;1.8;17.0;2.8000000000000003;8.3;8.0;0.0312026515151516;8.0;c;c;55.0;Non;2;https://world.openfoodfacts.org/product/8076809582209/classico-barilla
Ravioli au tofu, tomates, basilic – Céréal Bio – 267 g;465;0.4;2.9;2.96;3.8;3.8;29.26625;2.0;b;a;87.0;Oui;0;https://world.openfoodfacts.org/product/3175681170841/ravioli-au-tofu-tomates-basilic-cereal-bio
Cruesli Chocolat noir maxi format – QUAKER – 900 g;1906;4.9;16.0;1.92;8.1;10.0;0.95;10.0;c;b;66.0;Non;3;https://world.openfoodfacts.org/product/3168930010869/quaker-cruesli-chocolat-900g
Gran Cereale Cioccolato – Gran Cereale – 230 g;1913;3.6;29.0;1.26;9.0;9.0;2.5;12.0;d;d;37.0;Non;2;https://world.openfoodfacts.org/product/8076809522533/cioccolato-fondente-e-nocciole-gran-cereale
Froot Loops – Kellogg's – 375 g;1630;0.9;25.0;4.5200000000000005;8.3;4.3;0.0;14.0;d;e;29.0;Non;0;https://world.openfoodfacts.org/product/5053827110679/froot-loops-kellogg-s
CHEERIOS BIO Céréale 375g – Nestlé, Cheerios – 375 g;1638;0.9;18.0;2.6;9.1;9.9;0.0;7.0;c;c;58.0;Oui;1;https://world.openfoodfacts.org/product/7613036669498/les-galettes-de-pont-aven-nestle
6 pains suedois 180g – La Boulangère – 180 g;1216;0.3;11.0;3.84;8.9;5.4;0.405681818181819;4.0;c;a;77.0;Non;2;https://world.openfoodfacts.org/product/3760049791266/6-pains-suedois-180g-la-boulangere
Cuisiné cappelletti – Céréal BIO – 220 g;415;0.5;3.2;2.24;3.7;3.2;45.0;0.0;a;b;70.0;Oui;1;https://world.openfoodfacts.org/product/3175681061460/cappelletti-tofu-chevre-cereal-bio
NESTLE NESQUIK Céréales 450g – Nestlé, Nesquik – 450 g;1595;1.1;22.4;0.8799999999999999;8.5;8.6;0.0;7.0;c;d;31.0;Non;0;https://world.openfoodfacts.org/product/7613035144699/nestle-nesquik-cereales-450g
Galettes riz chocolat noir – Bjorg – 90 g;2047;13.3333333333333;26.6666666666667;0.0;6.22222222222222;5.33333333333333;0.0;20.0;e;a;78.0;Oui;0;https://world.openfoodfacts.org/product/3229820803449/galettes-riz-chocolat-noir-bjorg
Prince petit dej – Lu – 300 g;1969;8.1;28.0;2.2;7.1;3.7;5.425;22.0;e;c;54.0;Non;5;https://world.openfoodfacts.org/product/3017760306492/prince-petit-dej-lu
Maïs SSA 1/2 – Bonduelle – 285 g;334;0.5;5.2;1.6;2.9;3.8;100.0;-2.0;b;a;86.0;Non;0;https://world.openfoodfacts.org/product/3083680025881/mais-ssa-1-2-bonduelle
Grany moelleux, fruit des bois – Lu, Mondelez – 192 g ℮, 6 biscuits en sachet individuel;1680;8.5;35.0;4.8;6.0;3.7;19.8704918032787;27.0;e;c;47.0;Non;11;https://world.openfoodfacts.org/product/5410041161700/grany-moelleux-fruit-des-bois-lu
Wraps au blé nature – Mission – 370 g;1325;0.8;1.1;3.92;8.0;4.3;0.0;2.0;b;b;73.0;Non;4;https://world.openfoodfacts.org/product/8710637105352/wraps-mission
Cereal Mix – Hacendado – 375 g;1576;0.7;17.1;0.0;9.4;5.6;0.0;3.0;c;e;25.0;Non;1;https://world.openfoodfacts.org/product/8480000095329/cereal-mix-hacendado
Ravioli pur bœuf  sans colorant ni conservateur – Panzani – 400 g;384;0.8;1.6;3.6;3.8;0.8;17.1875;4.0;c;b;61.0;Non;1;https://world.openfoodfacts.org/product/3038352880206/ravioli-pur-boeuf-sans-colorant-ni-conservateur-panzani
Pain de mie sans croute complet 330g – WW, Weight Watchers – 330 g;911;0.2;2.4;4.0;8.9;5.9;0.9;0.0;a;a;75.0;Non;1;https://world.openfoodfacts.org/product/3760049795059/pain-de-mie-sans-croute-complet-330g-ww
Organic Milk Chocolate Rice Cakes – Kallo – 90g;2072;14.0;27.0;0.0;7.0;3.5;0.0;22.0;e;d;44.0;Oui;0;https://world.openfoodfacts.org/product/5013665103455/milk-chocolate-rice-cakes-imp-kallo
Spaghetti n12 – De Cecco – 500 g;1490;0.3;3.4;0.0;14.0;2.9;0.0;-1.0;a;b;67.0;Non;0;https://world.openfoodfacts.org/product/8001250120120/spaghetti-n-12-de-cecco
Gran Cereale Frutta – Barilla, Mulino Bianco – 250 gr.;1943;1.8;18.0;2.96;8.8;8.4;7.37;9.0;c;b;64.0;Non;3;https://world.openfoodfacts.org/product/8076809514064/gran-cereale-frutta-barilla
BARILLA TAGLIATELLE 500g – Barilla – 500 g;1521;0.5;3.5;0.04;13.0;3.0;0.0;0.0;a;b;60.0;Non;0;https://world.openfoodfacts.org/product/8076809523714/barilla-tagliatelle-500g
Crousti fondant choco-noisettes – Nestlé, Nat – 340 g;1896;2.4;17.5;0.8799999999999999;7.7;6.2;5.2;10.0;c;c;45.0;Non;2;https://world.openfoodfacts.org/product/8445290114594/crousti-fondant-choco-noisettes-nestle
HERTA Trésor de Grand Mère pâte feuilletée pur beurre 280g – HERTA, Trésor de Grand Mère – 280 g;1625;14.0;1.6;4.0;7.2;1.0;0.5;18.0;d;c;48.0;Non;0;https://world.openfoodfacts.org/product/3154230812616/herta-tresor-de-grand-mere-pate-feuilletee-pur-beurre-280g
La Vicoise saveur sel de mer – Vico – 120g;2001;2.4;0.64;3.56;6.2;5.4;2.625;8.0;c;a;82.0;Non;0;https://world.openfoodfacts.org/product/3336971410027/chips-kettle-cooked-vico
NESTLE CHOCAPIC Céréales 645g – Nestlé, Chocapic – 645 g;1624;1.1;19.9;0.8;8.5;7.7;0.0;2.0;b;c;46.0;Non;1;https://world.openfoodfacts.org/product/7613035449626/chocapic-nestle
Avena – YOSOY – 1 l;198;0.1;4.8;0.12;1.6;0.7;0.0;4.0;c;b;63.0;Non;0;https://world.openfoodfacts.org/product/8423352100143/avena-yosoy
Biscuits Petit déj Bio Céréales Miel – Gerblé, Gerblé Bio – 132g;1950;1.8;16.0;1.48;7.4;6.7;0.0;7.0;c;b;70.0;Oui;2;https://world.openfoodfacts.org/product/3175681272934/biscuits-petit-dej-bio-cereales-miel-gerble
4 Pains burger géant à la farine  complète – Jacquet – 350 g;1139;0.6;4.8;4.4;9.4;5.8;8.25000000000002;3.0;c;a;82.0;Non;0;https://world.openfoodfacts.org/product/3029330072690/4-pains-burger-geant-a-la-farine-complete-jacquet
Croustillant graines de courge et de tournesol – Carrefour BIO, Carrefour – 375 g;1784;1.9;15.0;0.08;11.0;6.2;15.775;3.0;c;a;87.0;Oui;0;https://world.openfoodfacts.org/product/3560071407773/croustillant-graines-de-courge-et-de-tournesol-carrefour-bio
Special Flakes Chocolate Noir – Crownfield – 425 g;1693;2.9;13.7;1.7999999999999998;8.5;8.4;0.0;7.0;c;d;31.0;Non;1;https://world.openfoodfacts.org/product/20621445/special-flakes-chocolat-noir-crownfield
Belvita petit déjeuner goût noisette et chocolat – Belvita, LU – 400 g;1902;1.8;26.0;3.6;7.6;4.3;2.5;15.0;d;d;44.0;Non;4;https://world.openfoodfacts.org/product/3017760803991/belvita-petit-dejeuner-gout-noisette-et-chocolat
Riz tomate à l’italienne – ben’s original – 220g;772;1.4;1.8;1.96;4.0;1.6;0.0;5.0;c;e;25.0;Non;0;https://world.openfoodfacts.org/product/3487400006745/riz-tomate-a-l-italienne-ben-s-original
Biscottes Forme+ – Heudebert, Lu, Mondelèz International – 280 g - 34 biscottes;1647;2.3;6.9;5.64;15.0;7.8;0.0;10.0;c;a;79.0;Non;1;https://world.openfoodfacts.org/product/3392460482012/biscottes-forme-heudebert
Pain de mie sandwich complet 550g – U – 550 g;1100;1.2;5.9;4.4;9.0;6.5;10.4431818181818;3.0;c;a;84.0;Non;3;https://world.openfoodfacts.org/product/3256222646985/pain-de-mie-sandwich-complet-550g-u
T&C Muesli croustillant avoine amandes sans gluten – Terres et Céréales BIO – 500 g;1879;1.8;18.0;0.16;9.0;6.9;4.1875;7.0;c;a;87.0;Oui;0;https://world.openfoodfacts.org/product/3421557502446/t-c-muesli-croustillant-avoine-amandes-sans-gluten-terres-et-cereales-bio
Pain de mie longue conservation – Harrys – 250 g;1181;0.5;6.5;5.0;9.0;3.7;7.64772727272727;6.0;c;a;83.0;Non;1;https://world.openfoodfacts.org/product/3228850006035/pain-de-mie-longue-conservation-harrys
Semillas de lino molidas fuente de omega ecológicas – Linwoods – 425g;2173;4.9;1.6;0.8400000000000001;23.0;20.0;0.0;-9.0;a;e;29.0;Oui;0;https://world.openfoodfacts.org/product/5016887003503/cold-milled-flaxseed-linwoods
Quaker Cruesli Chocolat noisette – Cruesli,PepsiCo,QUAKER,Quarker – 450 g;1847;2.5;16.0;0.0;7.4;10.0;2.3203125;6.0;c;c;59.0;Oui;3;https://world.openfoodfacts.org/product/3168930009788/quaker-cruesli-chocolat-noisette
Pain grillé au ble complet bio – Carrefour BIO, Carrefour – 250 g;1585;0.5;4.0;5.6000000000000005;12.0;7.5;0.0;6.0;c;a;100.0;Oui;1;https://world.openfoodfacts.org/product/3560070710713/pan-tostado-integral-carrefour-bio
Boisson avoine – Bio Village, Marque Repère – 1 l;173;0.2;5.0;0.39;0.5;0.8;0.0;6.0;c;a;83.0;Oui;0;https://world.openfoodfacts.org/product/3564707105675/boisson-avoine-bio-village
Muesli CroustillantNoix – Auchan – 0.45 kg;1902;1.9;18.0;0.12;9.7;5.9;18.625;8.0;c;b;67.0;Non;0;https://world.openfoodfacts.org/product/3596710446605/muesli-croustillantnoix-auchan
Céréales Frosties – Kellogg's – 620 g;1594;0.1;37.0;3.3200000000000003;4.5;2.0;0.0;18.0;d;e;29.0;Non;0;https://world.openfoodfacts.org/product/5053827111027/frosties-kellogg-s
Hogaza Masa Madre y Cereales – The Rustik Bakery – 400 g;1033;0.6;2.9;4.0;11.0;8.2;0.35;-2.0;a;b;71.0;Non;0;https://world.openfoodfacts.org/product/8412600028131/dark-bread-the-rustik-bakery
COCO pops – Kellogg's – 550 g;1636;0.9;17.0;2.6;6.3;3.8;0.0;10.0;c;e;29.0;Non;0;https://world.openfoodfacts.org/product/5059319030913/coco-pops-kellogg-s
Gnocchi 390g – Lustucru, Lustucru selection – 390 g;815;0.4;1.9;4.4;5.1;2.0;3.45;5.0;c;a;81.0;Non;0;https://world.openfoodfacts.org/product/3240931547213/gnocchi-390g-lustucru
Biscottes complètes sans sucres ajoutés x36 – Chabrior – 300 g;1578;0.6;3.4;6.0;16.0;11.0;10.7142857142857;6.0;c;a;89.0;Non;1;https://world.openfoodfacts.org/product/3250391124800/biscottes-completes-sans-sucre-ajoute-chabrior
BelVita - Petit déjeuner Tartiné – LU – 250g;1930;3.01;25.9;1.93;7.23;4.82;6.75515625;15.0;d;c;54.0;Non;6;https://world.openfoodfacts.org/product/7622300788094/belvita-petit-dejeuner-tartine-lu
Gullon Cuordi Cereale Tradizionale, Alto Contenuto Di Fibra – Gullon – 280g;1902;1.7;16.0;3.0;7.9;12.0;0.0;8.0;c;c;50.0;Non;1;https://world.openfoodfacts.org/product/8410376039986/gullon-cuordi-cereale-tradizionale-alto-contenuto-di-fibra
HERTA TARTE EN OR Pâte Feuilletée sans huile de palme 230g – HERTA – 230 g;1641;12.0;1.7;3.56;5.9;1.5;0.445;18.0;d;d;43.0;Non;0;https://world.openfoodfacts.org/product/3154230805984/pate-feuilletee-herta
Pain de seigle complet Epeautre et épeautre vert – Maître Jean Pierre – 500 g;843;0.5;3.2;4.8;5.3;9.7;0.0;0.0;a;a;102.0;Oui;0;https://world.openfoodfacts.org/product/20507350/pain-de-seigle-complet-epeautre-et-epeautre-vert-maitre-jean-pierre
Pain Extra Moelleux Nature Sans Sucres Ajoutés – Harrys – 280 g;1184;0.5;7.0;4.4;8.0;3.5;7.64375000000001;6.0;c;a;81.0;Non;0;https://world.openfoodfacts.org/product/3228857000876/pain-extra-moelleux-nature-sans-sucres-ajoutes-harrys
Petits pains grilles – Carrefour – 225 g;1717;0.9;4.2;4.0;10.0;6.9;4.66666666666667;2.0;b;a;86.0;Non;1;https://world.openfoodfacts.org/product/3270190007425/toasted-bread-rolls-carrefour
Muesli crisp 4 noix – Chabrior – 500 g;2002;2.3;20.6;0.04;10.6;9.5;16.0;8.0;c;b;68.0;Non;0;https://world.openfoodfacts.org/product/3250390784807/muesli-crisp-4-noix-chabrior
Céréales Special K Kellogg's Nature – Kellogg's – 750 g;1588;0.3;15.0;4.0;9.0;4.5;0.0;10.0;c;e;29.0;Non;0;https://world.openfoodfacts.org/product/5050083739811/cereales-special-k-kellogg-s-nature
Pan de molde 12 cereales y semillas – Hacendado – 680 g;1106;1.0;3.4;4.699999999999999;11.0;6.3;0.0;1.0;b;b;71.0;Non;5;https://world.openfoodfacts.org/product/8480000835475/pan-de-molde-12-cereales-y-semillas-hacendado
Pain de mie american sandwich 7 céréales sans sucres ajoutés 550g – Harry's – 550 g;1168;0.6;4.0;4.0;9.0;7.6;8.6875;0.0;a;a;75.0;Non;0;https://world.openfoodfacts.org/product/3228857002221/american-sandwich-harry-s
Muesli aux fruits – Terres & Céréales Bio – 1 kg;1490;1.2;15.0;0.04;9.7;11.0;26.5;0.0;a;a;96.0;Oui;0;https://world.openfoodfacts.org/product/3421557501630/muesli-aux-fruits-terres-cereales-bio
Corn flakes – Carrefour – 500 g;1625;0.2;7.2;3.2;6.9;2.5;0.0;7.0;c;e;29.0;Non;0;https://world.openfoodfacts.org/product/3560071016074/corn-flakes-carrefour
Pain de mie Bio petites tranches complet & levain sans sucres ajoutés 280g – La Boulangère Bio, La boulangere – 280 g;1101;0.4;4.1;4.4;10.0;5.9;0.0;2.0;b;a;95.0;Oui;1;https://world.openfoodfacts.org/product/3760049797909/pain-de-mie-bio-petites-tranches-complet-levain-sans-sucres-ajoutes-280g-la-boulangere-bio
Cereales Rellenos De Leche – Hacendado – 500 g;1878;6.5;37.0;3.12;10.0;3.3;2.9375;23.0;e;e;15.0;Non;2;https://world.openfoodfacts.org/product/8480000092649/cereales-choco-hacendado
Pan de Molde Semillas & Pipas – HACENDADO – 580 g;1231;1.5;5.3;4.4;11.0;5.7;3.5;3.0;c;a;75.0;Non;6;https://world.openfoodfacts.org/product/8480000838698/pan-integral-hacendado
Müesli Croustillant Fraise – GOLDEN BRIDGE – 500g;1878;1.7;21.0;0.04;9.8;7.1;0.6875;8.0;c;a;82.0;Oui;2;https://world.openfoodfacts.org/product/2006050036158/muesli-croustillant-fraise-golden-bridge
Farine de blé complète - T150 – Francine – 1 kg;1426;0.2;2.0;0.0;10.7;9.5;0.0;-5.0;a;a;100.0;Non;0;https://world.openfoodfacts.org/product/3068111301246/farine-de-ble-complete-t150-francine
Chips Craquante Sel Brets – Bret's – 125 g ℮;2251;2.7;0.5;2.4;6.1;4.9;0.0;6.0;c;a;82.0;Non;0;https://world.openfoodfacts.org/product/3497911119124/chips-craquante-sel-brets-bret-s
Muesli Crunchy Chocolate – Hacendado – 500 g;1820;4.5;24.0;1.7199999999999998;8.4;6.0;0.0;14.0;d;b;67.0;Non;2;https://world.openfoodfacts.org/product/8480000093554/muesli-crunchy-chocolate-hacendado
Petits flocons d'avoine complète – Carrefour BIO, Carrefour – 500 g;1583;1.3;1.0;0.04;11.0;10.0;0.0;-4.0;a;a;87.0;Oui;0;https://world.openfoodfacts.org/product/3560071270285/petits-flocons-d-avoine-complete-carrefour-bio
Biscottes blé complet Sans sucres* et sans sel ajoutés – Carrefour BIO – 300 g;1620;0.4;3.0;0.08;14.0;9.9;0.0;-6.0;a;a;102.0;Oui;1;https://world.openfoodfacts.org/product/3560071433277/biscottes-ble-complet-sans-sucres-et-sans-sel-ajoutes-carrefour-bio
Matin Chocolat – Gerblé – 200 g;1825;2.4;15.0;0.68;10.0;8.3;12.375;6.0;c;b;65.0;Non;4;https://world.openfoodfacts.org/product/3175681297104/matin-chocolat-gerble
Ramen soja caramel – Tanoshi – 360 g;692;0.1;2.5;6.0;5.3;1.7;0.2175;2.0;b;b;67.0;Non;4;https://world.openfoodfacts.org/product/3229820181363/ramen-soja-caramel-tanoshi
Pain de mie Grand Mie complet – Chabrior – 550 g;1059;0.6;6.7;4.4;9.1;6.8;1.93333333333333;2.0;b;a;77.0;Non;1;https://world.openfoodfacts.org/product/3250390272007/grand-mie-complet-chabrior
Petits pains grillés au blé complet – Chabrior, Intermarché – 400 g;1599;0.6;3.2;6.0;12.0;8.3;9.49285714285714;6.0;c;a;86.0;Non;0;https://world.openfoodfacts.org/product/3250390819455/petits-pains-grilles-au-ble-complet-chabrior
FITNESS CHOC Barres Céréale 6x23.5g – Fitness,Nestlé – 141 g (6 x 23,5 g);1609;2.9;17.0;1.32;7.7;7.7;0.0;6.0;c;c;55.0;Non;7;https://world.openfoodfacts.org/product/3387390320008/fitness-choc-barres-cereale-6x23-5g
REGAÑA – Hacendado – 250 gramos;1885;2.3;2.6;7.199999999999999;11.8;3.7;10.0;14.0;d;b;72.0;Non;0;https://world.openfoodfacts.org/product/8480000823656/regana-hacendado
Pan de molde espelta 100% integral natural – Hacendado – 275 gr;1010;0.8;3.7;4.4;12.0;7.4;0.0;1.0;b;a;75.0;Non;0;https://world.openfoodfacts.org/product/8480000826466/pan-de-molde-espelta-100-integral-natural-hacendado
Boisson à l'avoine – Vemondo – 1l;154;0.2;3.3;0.32;0.4;1.0;0.0;5.0;c;a;77.0;Oui;0;https://world.openfoodfacts.org/product/4056489989356/boisson-a-l-039-avoine-vemondo
Vollkornbrot – Jacquet – 500 g;871;0.3;4.9;4.0;6.8;10.0;0.0;0.0;a;a;81.0;Non;0;https://world.openfoodfacts.org/product/3029330004233/vollkornbrot-jacquet
Muesli avoine amandes chocolat – TERRES ET CÉRÉALES – 500 g;1914;4.0;22.0;0.2;8.7;6.8;4.1;10.0;c;a;87.0;Oui;0;https://world.openfoodfacts.org/product/3421557110221/muesli-avoine-amandes-chocolat-terres-et-cereales
Petits pains grilles – Carrefour – 400 g;1717;0.9;4.2;4.0;10.0;6.9;4.66666666666667;2.0;b;a;86.0;Non;1;https://world.openfoodfacts.org/product/3560070737048/toasted-bread-rolls-carrefour
Country Crisp chocolat au lait – Jordans – 550 g;1890;4.22;24.4;0.178;8.89;5.11;0.0;14.0;d;b;66.0;Non;1;https://world.openfoodfacts.org/product/5010477348432/country-crisp-jordans
Country Crisp Fruits & Noix – Jordans – 500 g;1859;1.9;22.0;0.2;9.6;6.1;16.125;9.0;c;b;66.0;Non;0;https://world.openfoodfacts.org/product/5010477350954/country-crisp-fruits-noix-jordans
Anglesey sea salt crisps – Pipers – 150 g;2223;3.3;0.5;3.76;5.1;3.5;0.0;12.0;d;a;78.0;Non;0;https://world.openfoodfacts.org/product/5033060100040/anglesey-sea-salt-crisps-pipers
céréales Chocapic – Nestlé – 30 g;1612;2.0;22.4;0.8799999999999999;8.8;7.5;0.0;7.0;c;d;30.0;Non;1;https://world.openfoodfacts.org/product/7613036501378/cereales-chocapic-nestle
Céréales Muesli croustillant au chocolat noir 500G – U,U Bio – 500 g;1662;2.6;19.0;0.6;9.0;8.1;0.0;6.0;c;a;82.0;Oui;1;https://world.openfoodfacts.org/product/3256228686558/cereales-muesli-croustillant-au-chocolat-noir-500g-u
Barres de céréales fraises et framboises x 6 – Crownfield – 124,8 g;1553;0.7;28.0;1.7000000000000002;5.0;4.0;0.0;13.0;d;c;54.0;Non;3;https://world.openfoodfacts.org/product/4056489627173/barres-de-cereales-fraises-et-framboises-x-6-crownfield
Muesli crunchy – MUESLI CRUNCHY – 450 g;1916;5.5;22.0;0.56;9.1;6.4;0.0;12.0;d;b;67.0;Non;2;https://world.openfoodfacts.org/product/3580281080108/muesli-crunchy
Petits pains grillés au froment – Maître Jean Pierre – 225 g;1719;0.7;8.6;4.0;9.5;3.5;1.875;10.0;c;a;91.0;Non;1;https://world.openfoodfacts.org/product/4056489039532/petits-pains-grilles-au-froment-maitre-jean-pierre
Crousti' Avoine nature – Bjorg – 500 g;1666;2.0;13.0;0.35;10.0;9.4;0.0;-1.0;a;c;50.0;Oui;1;https://world.openfoodfacts.org/product/3229820800738/crousti-avoine-nature-bjorg
Burgers nature géant sans additifs – Jacquet – 350 g;1161;0.5;5.4;4.0;9.7;3.8;3.75;3.0;c;a;82.0;Non;0;https://world.openfoodfacts.org/product/3029330072683/burgers-nature-geant-sans-additifs-jacquet
Croustillant chocolat – Bjorg – 900 g;1817;3.8;14.0;1.12;9.8;9.8;0.3125;7.0;c;c;50.0;Oui;2;https://world.openfoodfacts.org/product/3229820802138/croustillant-chocolat-bjorg
Grilletine Briochée x18 – Brioche Pasquier – 255 g;1926;8.6;9.4;4.8;14.0;3.3;0.0;19.0;e;b;64.0;Non;1;https://world.openfoodfacts.org/product/3182180000692/grilletine-briochee-x18-brioche-pasquier
Biscottes 6 cereales – Marque Repère, Épi d'Or – 300 g;1705;0.9;5.6;6.0;12.0;6.0;0.0;10.0;c;a;80.0;Non;1;https://world.openfoodfacts.org/product/3564700253434/biscottes-6-cereales-marque-repere
HERTA Pâte à Pizza Fine et Ronde 265g – Herta – 265 g;1214;0.5;2.9;5.972;8.7;1.0;11.684;7.0;c;a;92.0;Non;0;https://world.openfoodfacts.org/product/7613035648494/herta-pate-a-pizza-fine-et-ronde-265g
Piquitos San Roque Salvado – Piquitos San Roque;1583;1.2;2.4;9.6;11.5;5.7;0.0;13.0;d;b;74.0;Non;2;https://world.openfoodfacts.org/product/8437006994002/piquitos-con-salvado-piquitos-san-roque
Quinoa croquant, amandes et noisettes – Pierre Martinet – 220g;908;0.9;4.5;2.72;7.2;4.5;68.4105027548209;-1.0;b;e;21.0;Non;0;https://world.openfoodfacts.org/product/3281780893465/quinoa-croquant-amandes-et-noisettes-pierre-martinet
6 Wholemeal Pittas – Asda – 6, 360g;1016;0.2;2.8;2.3200000000000003;10.0;9.7;0.0;-4.0;a;a;80.0;Non;1;https://world.openfoodfacts.org/product/5054070479155/6-wholemeal-pittas-asda
Riz Complet – Carrefour – 500 g;1488;0.7;0.5;0.04;7.9;3.9;0.0;-1.0;b;e;26.0;Non;0;https://world.openfoodfacts.org/product/3560070510771/riz-complet-carrefour
Gnocchi – HACENDADO – 500 g;739;0.2;0.2;3.4799999999999995;4.5;0.0;0.0;5.0;c;a;82.0;Non;3;https://world.openfoodfacts.org/product/8015057003760/gnocchi-hacendado
Pâtes spaghettoni n°7 500g – 166, 43122 Parma - Italy, Barilla, Barilla - Barilla G. e R. Fratelli - Società per Azioni - Via Mantova, 166 Barilla – 500 g;1521;0.5;3.5;0.04;13.0;3.0;0.0;0.0;a;b;60.0;Non;0;https://world.openfoodfacts.org/product/8076808150072/spaghettoni-n-7-166
GRAN CEREALE Croccante – Gran cereale – 230 g.;1857;1.5;18.0;2.84;7.6;9.2;0.0;9.0;c;c;57.0;Non;2;https://world.openfoodfacts.org/product/8076809517300/croccante-con-riso-gran-cereale
Muesli Crunchy 4 noix – muesly – 450;1921;1.8;18.0;0.24;10.0;6.1;11.0;8.0;c;b;67.0;Non;1;https://world.openfoodfacts.org/product/3580281080115/muesli-crunchy-4-noix-muesly
Gerblé - Organic Muesli Fig Apricot Spelt Cookie, 132g (4.7oz) – Gerblé Bio – 132g;1895;1.7;16.0;1.44;7.6;8.2;10.2;6.0;c;b;70.0;Oui;2;https://world.openfoodfacts.org/product/3175681272927/gerble-organic-muesli-fig-apricot-spelt-cookie-132g-4-7oz-gerble-bio
Tartines croquantes – Aldi, Simplement Bon et Bio – 200 g;1922;2.5;2.3;7.6;15.0;9.3;0.0;11.0;d;a;95.0;Oui;0;https://world.openfoodfacts.org/product/2006050102860/tartines-croquantes-emmental-graines-de-courges-aldi
Barre granola goût chocolat et enrobage crème de cacao – Vitalia – 3 x 23 g;1995;9.8;0.9;0.8;8.4;3.5;13.6428571428571;13.0;d;d;42.0;Non;6;https://world.openfoodfacts.org/product/8719979202521/no-sugar-added-granola-bar-vitalia
Gnocchi a poeler extra fromage 285g – Lustucru,Lustucru selection – 285 g;965;3.0;2.1;5.2;8.3;1.8;4.3;7.0;c;a;82.0;Non;0;https://world.openfoodfacts.org/product/3240931547138/gnocchi-a-poeler-extra-fromage-lustucru
Biscottes sans sel x 34 – Marque Repère, Epi d'Or – 300 g;1694;0.6;7.3;0.0;11.9;3.9;0.0;2.0;b;a;80.0;Non;1;https://world.openfoodfacts.org/product/3564700009666/biscottes-sans-sel-x-34-marque-repere
Pains grillés  Blé complet – Marque Repère, Epi d'Or – 500 g;1635;0.5;4.4;6.4;11.0;6.8;0.0;8.0;c;a;75.0;Non;1;https://world.openfoodfacts.org/product/3564700582596/pains-grilles-ble-complet-marque-repere
Tartines craquantes Multicéréales – JARDIN BIO ETIC, Jardin bio – 150 g;1603;0.5;0.6;2.0;9.6;4.7;0.0;1.0;b;a;95.0;Oui;0;https://world.openfoodfacts.org/product/3760020508371/tartines-craquantes-multicereales-jardin-bio-etic
Coco pops – Kellogg's – 330 g;1636;0.9;17.0;2.6;6.3;3.8;0.0;10.0;c;e;25.0;Non;0;https://world.openfoodfacts.org/product/5053827175654/coco-pops-kellogg-s
Pain de mie 7 céréales et graines – Mannapain – 550 g;1179;0.8;6.7;4.0;8.7;5.3;0.0;2.0;b;a;75.0;Non;2;https://world.openfoodfacts.org/product/26071510/pain-de-mie-7-cereales-et-graines-mannapain
Panzani spaghetti 500g – Ebro Foods, Panzani – 500 g;1531;0.4;3.7;0.0;12.0;3.6;0.0;0.0;a;b;73.0;Non;0;https://world.openfoodfacts.org/product/3038350015006/panzani-spaghetti-500g-ebro-foods
Cracotte framboise – Lu – 200 g;1585;2.3;33.0;0.96;5.0;1.8;5.5;16.0;d;b;64.0;Non;7;https://world.openfoodfacts.org/product/3041090061639/cracotte-framboise-lu
Biscuits Farine de Blé et Graines de Sésame – Bjorg – 184 g;2028;2.6;20.0;2.8000000000000003;9.4;4.6;0.0;14.0;d;b;74.0;Oui;4;https://world.openfoodfacts.org/product/3229820181738/biscuits-farine-de-ble-et-graines-de-sesame-bjorg
Pain de mie complet Grandes Tranches – Auchan – 0.825 kg;1090;0.7;5.8;4.4;9.2;6.4;9.75;2.0;b;b;74.0;Non;3;https://world.openfoodfacts.org/product/3596710497720/pain-de-mie-complet-grandes-tranches-auchan
Pain grillé au blé complet – Carrefour Original – 500 g;1642;0.5;4.4;6.4;11.0;6.8;0.0;8.0;c;a;76.0;Non;1;https://world.openfoodfacts.org/product/3560070737079/pain-grille-carrefour-original
Céréales Extra Pepites Kellogg's Choco Noisettes – Kellogg's, Extra, pépites – 800 g;2076;12.0;21.0;2.52;8.0;5.8;3.0;22.0;e;d;30.0;Non;1;https://world.openfoodfacts.org/product/5050083712296/cereales-extra-pepites-kellogg-s-choco-noisettes
Crosta & Mollica Black Olive Grissini Breadsticks – Crosta & Mollica – 140g;1751;1.7;2.1;6.4;9.6;3.2;16.0;12.0;d;a;85.0;Non;0;https://world.openfoodfacts.org/product/5060198640018/mollica-black-olive-grissini-crosta-mollica
Tartine p,tit dej – Jacquet – 410 g;1210;0.6;9.8;4.4;9.0;5.3;6.53181818181818;4.0;c;a;75.0;Non;0;https://world.openfoodfacts.org/product/3029330069904/tartine-p-tit-dej-jacquet
Pain de mie complet – Carrefour BIO, Carrefour – 500 g;1156;0.4;6.1;4.8;7.9;4.7;4.5;4.0;c;a;94.0;Oui;0;https://world.openfoodfacts.org/product/3560071232719/pain-de-mie-complet-carrefour-bio
Boulgour tradition – Tipiak – 450 g;1474;0.4;2.4;0.0;14.0;11.0;0.0;-6.0;a;a;89.0;Non;0;https://world.openfoodfacts.org/product/3600900021883/boulgour-tradition-tipiak
Copos tostados de trigo integral y arroz con chocolate – Hacendado – 425 g;1674;3.9;20.0;1.16;8.6;9.1;0.0;8.0;c;e;25.0;Non;1;https://world.openfoodfacts.org/product/8402001015120/copos-tostados-de-trigo-integral-y-arroz-con-chocolate-hacendado
Petits pains grillés au blé complet 400g – U – 400 g;1717;0.9;4.2;4.0;10.0;6.9;14.6575;2.0;b;a;79.0;Non;1;https://world.openfoodfacts.org/product/3256221094428/petits-pains-grilles-au-ble-complet-400g-u
Muffins complets – EPI D'OR – 250 g (x4);882;0.3;6.0;3.6;12.4;6.8;0.0;-2.0;a;a;80.0;Non;2;https://world.openfoodfacts.org/product/3564700462874/muffins-complet-epi-d-or
Country Crisp 4 Noix – Jordans – 850 g;1949;2.6;18.0;0.12;11.0;6.1;15.125;9.0;c;e;29.0;Non;0;https://world.openfoodfacts.org/product/5010477348555/country-crisp-4-noix-jordans
NESTLE NESQUIK BIO Céréales 375g – Nestlé, Nesquik, Nesquik bio – 375 g;1582;0.7;22.3;1.7999999999999998;9.1;8.7;0.0;7.0;c;c;53.0;Oui;0;https://world.openfoodfacts.org/product/7613036668910/nestle-nesquik-bio-cereales-375g
Cruesli miel et noisettes – Cruesli, QUAKER – 450 g;1922;1.8;15.0;0.24;7.5;9.4;5.0;2.0;b;e;25.0;Non;1;https://world.openfoodfacts.org/product/3168930158158/cruesli-miel-et-noisettes
Bebida Choco Avena – Hacendado – 1 litro;185;0.3;2.4;0.6;1.2;1.0;0.65;9.0;d;c;52.0;Non;4;https://world.openfoodfacts.org/product/8402001014369/avena-choco-hacendado
Kellogg's Tresor – Kellogg's – 620g;1838;3.5;26.0;4.4;7.0;3.5;2.58333333333333;19.0;e;d;35.0;Non;5;https://world.openfoodfacts.org/product/5053827156189/kellogg-s-tresor
integral – Dulcesol – 460 g;1050;0.69;4.14;4.83;10.0;5.86;0.0;3.0;c;a;75.0;Non;5;https://world.openfoodfacts.org/product/8410087414874/integral-dulcesol
Linguine- Pâtes alimentaires de semoule et de blé dur 500G – Barilla – 500 g;1466;0.5;3.5;0.04;13.0;8.0;0.0;-5.0;a;a;76.0;Non;0;https://world.openfoodfacts.org/product/8076809578363/linguine-pates-alimentaires-de-semoule-et-de-ble-dur-500g-barilla
Belvita petit déjeuner – Belvita, LU, Mondelez – 600 g e;1839;1.4;22.0;5.6000000000000005;7.8;6.1;7.625;15.0;d;c;54.0;Non;4;https://world.openfoodfacts.org/product/7622210726223/belvita-petit-dejeuner
Pain complet au sarrasin – Gerblé – 300 g;942;0.5;4.2;4.4;7.5;15.0;0.0249999999999986;0.0;a;a;84.0;Non;3;https://world.openfoodfacts.org/product/3175681272903/pain-complet-au-sarrasin-gerble
Céréales Extra Pepites Kellogg's Chocolat au lait – Kellogg's – 800 g;2026;10.0;25.0;2.72;7.0;4.9;0.0;23.0;e;e;15.0;Non;1;https://world.openfoodfacts.org/product/5053827135542/cereales-extra-pepites-kellogg-s-chocolat-au-lait
Harrys brioche tranchee farine complete sans additif 485g – Harrys – 485 g;1411;3.9;15.0;3.72;8.5;7.5;1.379296875;10.0;c;c;53.0;Oui;0;https://world.openfoodfacts.org/product/3228857001330/harrys-brioche-tranchee-farine-complete-sans-additif-485g
Barres céréales FRAISE – Carrefour BIO, Carrefour – 138 g;1502;0.8;21.0;0.28;6.6;10.0;0.0;3.0;c;a;78.0;Oui;2;https://world.openfoodfacts.org/product/3560071269500/barres-cereales-fraise%F0%9F%8D%93-carrefour-bio
Croustillant fruits rouges – Carrefour BIO, Carrefour – 375 g;1792;1.4;19.0;0.04;9.3;9.2;3.5;6.0;c;a;87.0;Oui;0;https://world.openfoodfacts.org/product/3560071407681/croustillant-fruits-rouges-carrefour-bio
Toast crock' céréales complètes – Carrefour – 250 g (2 x 125 g);1515;0.7;3.6;5.2;9.9;13.0;0.0;6.0;c;b;71.0;Non;0;https://world.openfoodfacts.org/product/3560071504090/toast-crock-cereales-completes-carrefour
4 Muffins Complet – Carrefour – 250 g;1025;0.3;5.5;2.92;11.0;6.7;0.809151785714285;-1.0;a;a;80.0;Non;2;https://world.openfoodfacts.org/product/3245412694516/4-muffins-complet-carrefour
Muesli croustillant chocolat 500 g – Céréco, Terres et Céréales bio – 500 g;917;2.2;9.6;0.12;4.7;3.9;0.0;4.0;c;a;87.0;Oui;0;https://world.openfoodfacts.org/product/3421557501685/muesli-croustillant-chocolat-500-g-cereco
Country crisp bio Chocolat Noir – Jordans – 400 g;1895;4.3;19.1;0.12;8.0;6.0;0.0;11.0;d;c;49.0;Oui;0;https://world.openfoodfacts.org/product/5010477352590/country-crisp-bio-chocolat-noir-jordans
Pipers Anglesey sea salt crisps – Pipers Crisps Pipers – 40 g;2223;3.3;0.5;3.76;5.1;3.5;0.0;12.0;d;b;68.0;Non;0;https://world.openfoodfacts.org/product/5033060100125/pipers-anglesey-sea-salt-crisps-pipers-crisps-pipers
Petits pains grillés au blé complet – Mannapain – 225g;1717;0.9;4.2;4.0;10.0;6.9;14.5166666666667;2.0;b;a;77.0;Non;1;https://world.openfoodfacts.org/product/26095547/petits-pains-grilles-au-ble-complet-mannapain
Gnocchi à poêler – Toque du Chef – 500 g;842;0.3;1.4;4.699999999999999;5.8;2.1;5.66666666666666;5.0;c;a;89.0;Non;0;https://world.openfoodfacts.org/product/4056489363101/gnocchi-a-poeler-toque-du-chef
Muesli croustillant 3 noix – Bio Village, Marque Repère – 500 g;1872;1.8;17.0;0.04;11.0;7.6;9.9;1.0;b;a;87.0;Oui;0;https://world.openfoodfacts.org/product/3564707186315/muesli-croustillant-3-noix-bio-village
HERTA TGM pâte brisée pur beurre 280g – HERTA, Trésor de Grand Mère – 280 g;1538;12.0;2.0;4.4;5.9;1.4;2.875;19.0;e;c;47.0;Non;0;https://world.openfoodfacts.org/product/3154230812678/herta-tgm-pate-brisee-pur-beurre-280g
Boisson avoine BIO 1l – Les Mousquetaires, Regain, Sélection des Mousquetaires – 1000 ml;183;0.2;4.7;0.32;0.5;0.8;0.0;6.0;c;a;85.0;Oui;0;https://world.openfoodfacts.org/product/3250392243517/boisson-avoine-bio-1l-les-mousquetaires
Biscottes aux 6 céréales x36 - 300g – U – 300 g;1663;0.9;5.6;6.4;12.0;6.7;0.0;8.0;c;a;80.0;Non;1;https://world.openfoodfacts.org/product/3256220020527/biscottes-aux-6-cereales-x36-300g-u
NESTLE LION Barres de Céréales 6x25g – Nestlé, Lion – 150 g;1672;5.7;22.5;1.7999999999999998;7.3;6.6;0.0;13.0;d;c;56.0;Non;6;https://world.openfoodfacts.org/product/5900020030405/nestle-lion-barres-de-cereales-6x25g-imp
coquillette – Barilla – 500 g;1466;0.5;3.5;0.04;13.0;8.0;0.0;-5.0;a;a;77.0;Non;0;https://world.openfoodfacts.org/product/8076809532709/integrale-coquillettes-barilla
Crousti' Avoine Superfruits – Bjorg – 500 g;1686;1.9;14.0;0.4;10.0;9.2;1.0875;0.0;a;c;50.0;Oui;1;https://world.openfoodfacts.org/product/3229820800745/crousti-avoine-superfruits-bjorg
Quinoa et boulgour à l'indienne – Céréal bio – 220g;604;0.9;1.3;2.4;5.4;7.5;27.3;-4.0;b;d;38.0;Oui;1;https://world.openfoodfacts.org/product/3175681085398/quinoa-et-boulgour-a-l-indienne-cereal-bio
Biscottes nature – Chabrior, Intermarché – 300 g;1623;0.4;6.9;6.0;11.0;4.8;2.20833333333333;11.0;d;a;98.0;Non;1;https://world.openfoodfacts.org/product/3250390005643/biscottes-nature-chabrior
Pain grillé au blé complet 500g – U – 500 g;1642;0.5;4.4;6.4;11.0;6.8;0.0;8.0;c;a;92.0;Non;1;https://world.openfoodfacts.org/product/3256221979138/pain-grille-au-ble-complet-500g-u
Vico Extra Craquantes – Vico – 400;2190;2.8;0.6;5.2;5.9;4.5;0.0;12.0;d;b;72.0;Non;0;https://world.openfoodfacts.org/product/3336971110170/vico-extra-craquantes
Pain mie sandwich bio* cereales 500g – Bien – 500 g;1298;0.7;5.5;4.8;8.8;4.4;0.0;4.0;c;a;96.0;Oui;1;https://world.openfoodfacts.org/product/3760049794397/pain-mie-sandwich-bio-cereales-500g-bien
Oatly! Bio Hafer/Oat – Oatly – 1l;166;0.1;3.4;0.4;1.1;0.8;0.0;5.0;c;a;81.0;Oui;0;https://world.openfoodfacts.org/product/7394376615894/oatly-bio-hafer-oat
CereAlé – Kinder – 204 g;2093;13.0;27.1;1.932;6.6;3.3;0.0;25.0;e;c;46.0;Non;2;https://world.openfoodfacts.org/product/8000500329474/cereale-kinder
Muesli bio noix & graines – Jordans – 500 g;1788;2.3;6.3;0.12;13.6;8.7;18.75;-2.0;a;a;86.0;Oui;0;https://world.openfoodfacts.org/product/5010477357335/muesli-bio-noix-graines-jordans
Forme & nature 440g – Chabrior – 440 g;1633;0.4;13.0;3.08;8.3;4.8;0.0;5.0;c;d;30.0;Non;0;https://world.openfoodfacts.org/product/3250392727109/forme-nature-440g-chabrior
Barres Céréales Graines et Amandes – Carrefour BIO, Carrefour – 100 g (4 x 25 g);2227;4.6;10.0;0.12;20.0;13.0;36.0;7.0;c;c;57.0;Oui;1;https://world.openfoodfacts.org/product/3560071403096/barres-cereales-graines-et-amandes-carrefour-bio
Céréales Granola Noix & Graines 350G – U – 350 g;1902;2.0;13.0;0.04;13.0;7.7;11.0;-1.0;a;b;62.0;Non;1;https://world.openfoodfacts.org/product/3256229255630/cereales-granola-noix-graines-350g-u
Chips saveur Tartiflette – Brets – 125g;2177;2.6;0.9;5.6000000000000005;6.3;4.8;0.0;12.0;d;a;79.0;Non;0;https://world.openfoodfacts.org/product/3497917003380/chips-saveur-tartiflette-brets
Copos de Avena – Brüggen – 800 g;1580;1.3;0.7;0.08;14.0;10.0;0.0;-5.0;a;b;66.0;Non;0;https://world.openfoodfacts.org/product/4008713713411/copos-de-avena-bruggen
Ravioli boeuf – Lustucru, Lustucru selection – 300 g;1111;2.0;3.8;4.0;9.0;2.4;15.15;6.0;c;e;16.0;Non;0;https://world.openfoodfacts.org/product/3240930116120/ravioli-boeuf-lustucru
Tartines craquantes quinoa pois chiche – Jardin bio – 150 g;1585;0.2;0.8;2.28;9.5;3.8;0.0;2.0;b;a;95.0;Oui;0;https://world.openfoodfacts.org/product/3456300008999/tartines-craquantes-quinoa-pois-chiche-jardin-bio
Chips de pommes de terre à l'Ancienne au sel de Guérande – Bret's – 250 g e;2312;3.0;0.5;5.2;5.9;5.5;0.0;11.0;d;a;82.0;Non;0;https://world.openfoodfacts.org/product/3497911219251/chips-nature-ancienne-bret-s
Pan tostado cereales y semillas – Hacendado – 550 g;1772;1.5;3.8;7.199999999999999;16.0;7.8;0.0;10.0;c;a;76.0;Non;3;https://world.openfoodfacts.org/product/8480000822901/pan-tostado-cereales-y-semillas-hacendado
Polenta – Tipiak – 400 g;1507;0.1;0.8;0.0;6.3;2.0;0.0;2.0;b;b;73.0;Non;0;https://world.openfoodfacts.org/product/3600900021890/polenta-tipiak
Quaker Muesli Croustillant Myrtilles & baies de goji – Muesli Croustillant, Quaker – 500 g;1684;1.2;14.0;1.04;11.0;14.0;3.7;1.0;b;b;67.0;Non;3;https://world.openfoodfacts.org/product/3168930009801/quaker-muesli-croustillant-myrtilles-baies-de-goji
La classique nature – Intersnack France, Vico – 135 g;2154;2.9;0.59;3.68;5.7;4.3;0.0;10.0;c;a;82.0;Non;0;https://world.openfoodfacts.org/product/3336971209164/la-classique-nature-intersnack-france
Pain au seigle complet – Marque Repère, épi d'or – 500 g;818;0.2;3.0;5.2;5.1;11.0;0.0;1.0;b;a;82.0;Non;0;https://world.openfoodfacts.org/product/3564700743959/pain-au-seigle-complet-marque-repere
Fruit 'n Fibre Cereal – Kellogg's – 375g;1604;3.5;24.0;4.0;8.0;9.0;26.0;12.0;d;e;25.0;Non;0;https://world.openfoodfacts.org/product/5000127079502/fruit-n-fibre-kellogg-s
Muesli avoine chocolat – Bjorg – 750 g;1679;4.2;9.1;0.32;11.0;9.5;0.0;6.0;c;a;87.0;Oui;1;https://world.openfoodfacts.org/product/3229820800844/muesli-avoine-chocolat-bjorg
Lightly sea salted hand cooked crisps – M&S – 150 g;2172;3.0;0.4;4.0;5.7;4.1;0.0;11.0;d;b;73.0;Non;0;https://world.openfoodfacts.org/product/00722803/lightly-sea-salted-hand-cooked-crisps-m-s
Corn flakes sans sucres ajoutés – Terres et Céréales bio – 450 g;1643;0.1;0.5;0.04;7.0;3.1;0.0;1.0;b;c;50.0;Oui;0;https://world.openfoodfacts.org/product/3421557910494/corn-flakes-sans-sucres-ajoutes-terres-et-cereales-bio
Pain de mie seigle et céréales – Marque Repère, Epi d'Or – 800 g;1078;0.6;4.0;4.8;9.4;4.8;0.09;4.0;c;a;76.0;Non;3;https://world.openfoodfacts.org/product/3564700883563/pain-de-mie-seigle-et-cereales-marque-repere
Céréales croc'choc – Lucien Georgelin – 375 g e;1838;5.0;32.0;1.44;7.5;4.5;6.4;17.0;d;e;28.0;Non;3;https://world.openfoodfacts.org/product/3572420000405/cereales-croc-choc-lucien-georgelin
Flocons d'avoine, paquet 500g – U, U Bio – 500 g;1533;0.6;1.2;0.04;14.0;11.0;0.0;-6.0;a;a;86.0;Oui;0;https://world.openfoodfacts.org/product/3256228686619/flocons-d-avoine-paquet-500g-u
HERTA TARTE EN OR Pâte Feuilletée -30% M.G 230g – HERTA, Tarte en or – 230 g;1443;7.1;1.7;4.0;7.4;1.8;5.96875;15.0;d;c;47.0;Non;0;https://world.openfoodfacts.org/product/3154230600305/herta-tarte-en-or-pate-feuilletee-30-m-g-230g
Brioche tressée nature allegée en sucres sans additifs 450g – Harrys – 450 g;1470;1.2;10.0;3.28;8.7;7.0;4.7685546875;7.0;c;c;50.0;Non;0;https://world.openfoodfacts.org/product/3228857002313/brioche-tressee-nature-allegee-en-sucres-sans-additifs-450g-harrys
Biscottes goût brioché - Les gourmands Pelletier – Pelletier – 260 g;727;3.5;4.8;1.44;4.8;1.3;0.0;6.0;c;a;87.0;Non;2;https://world.openfoodfacts.org/product/3017760719490/biscottes-gout-brioche-les-gourmands-pelletier
Couscous Grain Moyen – Ferrero – 500 g;1546;0.4;3.0;0.08;12.0;3.4;0.0;-1.0;a;b;69.0;Non;0;https://world.openfoodfacts.org/product/3223920700127/couscous-grain-moyen-ferrero
Chips Nature l’Originale Nutriscore B – Brets – 125 g;2250;2.8;0.5;2.4;5.9;5.2;0.0;6.0;c;a;79.0;Non;0;https://world.openfoodfacts.org/product/3497917001874/chips-nature-l-originale-nutriscore-b-brets
Galette de maïs – Bio Village, Marque Repère – 130 g;1670;0.2;0.5;1.4;8.2;1.6;0.0;2.0;b;a;78.0;Oui;0;https://world.openfoodfacts.org/product/3564707102056/galette-de-mais-bio-village
Barres de Céréales Special K Chocolat au Lait – Kellogg's, Special K – 120 g (6 x 20 g);1630;5.1;25.0;2.4;7.0;14.0;0.0763888888888893;13.0;d;d;34.0;Non;6;https://world.openfoodfacts.org/product/5050083425691/barres-de-cereales-special-k-chocolat-au-lait-kellogg-s
Pringles Hot & Spicy – Pringles – 165 g;2112;3.4;3.0;6.4;4.4;2.8;2.70930203527531e-06;16.0;d;b;72.0;Non;10;https://world.openfoodfacts.org/product/5053990127665/pringles-hot-spicy
Maizena Fleur de Maïs – Maizena, Maïzena, Unilever – 700 g;1487;0.1;0.5;0.04;0.5;1.0;0.0;4.0;c;a;88.0;Non;0;https://world.openfoodfacts.org/product/8712100338724/maizena-fleur-de-mais
LION BIO Céréales 400g – Nestlé, Lion, Lion bio – 400 g;1734;1.2;25.0;1.64;8.1;7.9;0.0;10.0;c;c;58.0;Oui;1;https://world.openfoodfacts.org/product/7613037059281/nestle-lion-cereal-organic-400g-14-2oz
Croustillant tout chocolat – Carrefour BIO,Carrefour – 375 g;1873;6.1;20.0;0.08;9.4;8.4;0.0;11.0;d;c;50.0;Oui;0;https://world.openfoodfacts.org/product/3560071407711/croustillant-tout-chocolat-carrefour-bio
Pain de mie grandes tranches Maïs & Graines 500g – La Boulangère – 500 g;1138;0.8;2.1;3.76;13.0;4.1;4.3;1.0;b;a;75.0;Non;2;https://world.openfoodfacts.org/product/3760049791174/pain-de-mie-grandes-tranches-mais-graines-500g-la-boulangere
Muesli floconneux 25% de fruits et noix – U, U Bio – 500 g;1484;0.8;16.0;0.04;11.0;9.0;25.0;-1.0;a;a;86.0;Oui;0;https://world.openfoodfacts.org/product/3256220368339/muesli-floconneux-25-de-fruits-et-noix-u
Chips A L'ancienne Sel de Guérande Brets – Altho, brets – 125g;2312;3.0;0.5;5.2;5.9;5.5;0.0;11.0;d;a;82.0;Non;0;https://world.openfoodfacts.org/product/3497911219121/chips-a-l-ancienne-sel-de-guerande-brets-altho
Corn flakes – Bio Village – 375gr;1590;0.2;1.9;3.4000000000000004;7.2;3.4;0.0;5.0;c;c;49.0;Oui;1;https://world.openfoodfacts.org/product/3564707115926/corn-flakes-bio-village
Pain campagnard aux graines – Schär – 100 gram;1137;0.7;4.2;6.0;4.5;8.5;0.0;6.0;c;b;70.0;Non;1;https://world.openfoodfacts.org/product/8008698022214/pain-campagnard-aux-graines-schar
Grainéa Muesli pépites croustillantes chocolat noir – Marque Repère, Grainéa – 500g;1905;4.1;22.0;0.52;9.6;8.3;0.0;10.0;c;b;66.0;Non;5;https://world.openfoodfacts.org/product/3564706612785/grainea-muesli-pepites-croustillantes-chocolat-noir-marque-repere
Barre Céréales CHOCOLAT – Carrefour BIO, Carrefour – 138 g (6 x 23 g);1709;3.4;33.0;0.12;5.1;3.3;0.0;16.0;d;b;60.0;Oui;1;https://world.openfoodfacts.org/product/3560071269494/barre-cereale-chocolat-%F0%9F%8D%AB-carrefour-bio
Patatas Light – Hacendado – 150 g;1942;2.1;2.8;10.8;4.4;2.8;0.0;20.0;e;b;68.0;Non;0;https://world.openfoodfacts.org/product/8480000158109/patatas-light-hacendado
HERTA TARTE EN OR Pâte Brisée sans huile de palme 230g – HERTA, Tarte en or – 230 g;1456;5.9;2.1;3.28;6.2;5.5;3.36;10.0;c;c;56.0;Non;0;https://world.openfoodfacts.org/product/3154230805922/herta-tarte-en-or-pate-brisee-sans-huile-de-palme-230g
Céréales Muesli chocolat & amandes, 400g – U – 400 g;1883;2.8;6.8;0.04;12.0;8.5;4.0;-1.0;a;b;67.0;Non;3;https://world.openfoodfacts.org/product/3256229255654/cereales-muesli-chocolat-amandes-400g-u
Bebida de avena calcio – Vemondo – 1 l;196;0.1;6.3;0.28;1.4;0.2;0.0;7.0;d;b;63.0;Non;1;https://world.openfoodfacts.org/product/20659318/bebida-de-avena-calcio-vemondo
Pain de mie au céréales et aux graines – Jacquet – 550 g;1142;0.6;4.3;3.92;10.0;5.4;1.55;1.0;b;a;80.0;Non;0;https://world.openfoodfacts.org/product/3029330067047/pain-de-mie-au-cereales-et-aux-graines-jacquet
Riz pour risotto – Taureau Ailé – 500 g;1494;0.2;0.2;0.04;7.4;1.1;0.0;0.0;b;e;24.0;Non;0;https://world.openfoodfacts.org/product/3038354586403/risotto-taureau-aile
Riz Méditerranéen de Camargue – Taureau Ailé – 1 kg;1490;0.2;0.5;0.4;7.4;1.1;0.0;0.0;b;d;35.0;Non;0;https://world.openfoodfacts.org/product/3038359005626/riz-mediterraneen-de-camargue-taureau-aile
tartines craquantes riz châtaigne – Céréal Bio – 145 g;1573;0.3;7.2;1.28;6.9;3.6;0.0;4.0;c;a;94.0;Oui;0;https://world.openfoodfacts.org/product/3175681085602/tartines-craquantes-riz-chataigne-cereal-bio
Pains au lait format familial – Brioche Pasquier – 700 g  (2 x 350 g);1485;4.0;11.0;4.4;8.6;3.5;4.34375;14.0;d;b;67.0;Non;2;https://world.openfoodfacts.org/product/3256540000704/bread-with-milk-brioche-pasquier
Quinoa poulet et sésame – Jardin bio, Léa Nature – 250 g;731;1.2;3.0;2.8000000000000003;6.9;6.5;33.85;0.0;a;c;48.0;Oui;0;https://world.openfoodfacts.org/product/3478820003193/quinoa-poulet-sesame-jardin-bio
Flocons d'avoine – Auchan – 0.5 kg;1566;1.3;0.7;0.08;14.0;10.0;0.0;-5.0;a;a;85.0;Non;0;https://world.openfoodfacts.org/product/3596710443673/flocons-d-avoine-auchan
All-bran choco – Kellogg's – 375 g;1651;4.5;19.0;0.2;10.0;10.0;0.0;8.0;c;e;25.0;Non;3;https://world.openfoodfacts.org/product/5053827139335/all-bran-choco-kellogg-s
Chocapic original – Nestlé, Chocapic – 430Gr;1626;2.0;22.4;0.8799999999999999;8.8;7.5;0.0;7.0;c;d;30.0;Non;1;https://world.openfoodfacts.org/product/8410100026312/chocapic-nestle
Cocktail Mezcla – Hacendado – 300 g;2080;2.9;6.8;6.69;14.8;7.9;36.1111111111111;12.0;d;d;38.0;Non;3;https://world.openfoodfacts.org/product/8480000342317/cocktail-mezcla-hacendado
Pain de mie au ble complet – Bio Village, Marque Repère – 500g;1150;0.4;5.2;4.4;8.4;4.6;5.0;4.0;c;a;95.0;Oui;0;https://world.openfoodfacts.org/product/3564707148450/pain-de-mie-au-ble-complet-bio-village
Harrys pain de mie 100% mie complet sans croute sans sucres ajoutés – Harrys – 500 g;1015;0.3;3.0;4.4;8.5;7.4;7.64843749999999;1.0;b;a;79.0;Non;0;https://world.openfoodfacts.org/product/3228857001521/harrys-pain-de-mie-100-mie-complet-sans-croute-sans-sucres-ajoutes
Galettes de maïs bio – sondey – 130g;1579;0.2;0.3;2.0;7.6;2.6;0.0;3.0;c;a;78.0;Oui;0;https://world.openfoodfacts.org/product/4056489750673/bio-galettes-de-mais-sondey
Torsades au blé complet – Marque Repère, Turini – 500 g;1426;0.5;3.0;0.0;11.0;7.5;0.0;-5.0;a;b;67.0;Non;0;https://world.openfoodfacts.org/product/3564700674031/torsades-au-ble-complet-marque-repere
Lustucru quinoa facile – Lustucru – 300 g;1506;0.5;1.8;0.1;14.0;9.0;0.0;-9.0;a;d;31.0;Non;0;https://world.openfoodfacts.org/product/3038359003202/lustucru-quinoa-facile
Cracotte Fraise – Lu, Mondelez – 200 g;1583;2.3;33.0;1.36;5.0;1.7;5.4;16.0;d;b;73.0;Non;7;https://world.openfoodfacts.org/product/3041090061646/strawberry-cracker-lu
Pain 100% mie complet – Harrys – 650 g;1053;0.4;4.3;4.36;7.2;7.1;18.249696969697;3.0;c;a;83.0;Non;0;https://world.openfoodfacts.org/product/3228850008138/pain-100-mie-complet-harrys
Krounchy chocolat – Grillon d'or – 1 kg;1855;2.4;18.0;0.04;9.0;7.2;3.5;8.0;c;a;87.0;Oui;0;https://world.openfoodfacts.org/product/3421557110313/krounchy-chocolat-grillon-d-or
Pipers Burrow Hill Cider Vinegar & Sea Salt Crisps – Pipers, Pipers Crisp Co – 40 g;2184;3.0;2.7;8.52;5.2;3.3;0.0;17.0;d;b;68.0;Non;1;https://world.openfoodfacts.org/product/5033060100156/pipers-burrow-hill-cider-vinegar-sea-salt-crisps
Céréales Trésor Kellogg's Chocolat Lait - 1kg – Kellogg's, Trésor – 1000 g;1854;4.8;29.0;3.8;7.1;3.2;0.8125;20.0;e;e;20.0;Non;7;https://world.openfoodfacts.org/product/5050083542411/cereales-tresor-kellogg-s-chocolat-lait-1kg
Biscottes sans sel ajouté – Carrefour – 300 g;1694;0.6;7.3;0.04;12.0;3.9;0.0;2.0;b;a;76.0;Non;1;https://world.openfoodfacts.org/product/5400101201712/rusks-no-added-salt-carrefour
ORIGINAL au seigle – wasa – 205g;1415;0.4;1.0;0.0;9.0;19.0;0.0;-4.0;a;a;90.0;Non;0;https://world.openfoodfacts.org/product/7300400118118/original-wasa
Panecillos 100% Integral de Trigo – Hacendado – 300g;1610;0.8;4.0;0.0;13.3;10.3;0.0;-5.0;a;b;72.0;Non;0;https://world.openfoodfacts.org/product/8480000134455/pan-integral-hacendado
Beau & bon seigle – Harry's – 320 g;1229;0.7;5.0;3.92;10.0;6.5;2.5599609375;0.0;a;b;73.0;Non;0;https://world.openfoodfacts.org/product/3228857001811/beau-bon-seigle-harry-s
Patatas fritas 0% sal – Hacendado – 130g;2269;4.5;0.5;0.044;7.1;4.8;33.0;6.0;c;b;73.0;Non;0;https://world.openfoodfacts.org/product/8480000053985/patatas-0-sal-hacendado
Pain Campagnard aux graines – Schär – 250 g;1645;0.6;4.4;7.199999999999999;3.9;8.5;0.45;8.0;c;a;81.0;Non;1;https://world.openfoodfacts.org/product/06175019/pain-campagnard-aux-graines-schar
Tagliatelles aux œufs frais – Lustucru – 360 g;1189;0.6;3.4;0.2;10.0;2.3;0.0;-1.0;a;b;70.0;Non;0;https://world.openfoodfacts.org/product/3240931546353/tagliatelles-aux-oeufs-frais-lustucru
Couscous Grain Moyen – Ferrero – 1 kg;1546;0.4;3.0;0.0;12.0;3.4;0.0;-1.0;a;b;70.0;Non;0;https://world.openfoodfacts.org/product/3223920620128/couscous-grain-moyen-ferrero
Tartines bio craquantes multi-céréales sans gluten – Le pain des fleurs, ekibio – 150 g;1624;0.6;1.0;2.08;9.8;3.0;0.0;2.0;b;a;95.0;Oui;0;https://world.openfoodfacts.org/product/3380380068539/tartines-bio-craquantes-multi-cereales-sans-gluten-le-pain-des-fleurs
Biscottes Blé complet – Carrefour – 300 g;1543;0.5;5.5;6.0;12.0;12.0;1.96944444444444;7.0;c;a;89.0;Non;0;https://world.openfoodfacts.org/product/3560070823291/biscottes-ble-complet-carrefour
Pain de mie grandes tranches nature sans sucres ajoutés 500G – Bien – 500 g;1206;0.6;2.4;4.4;7.6;3.5;0.0;4.0;c;a;95.0;Oui;1;https://world.openfoodfacts.org/product/3760049794380/pain-de-mie-grandes-tranches-nature-sans-sucres-ajoutes-500g-bien
8 Pains au lait frais Bio à la farine complète 280g – la boulangère – 280 g;1507;1.2;11.0;3.6;9.4;4.2;0.0;10.0;c;a;82.0;Oui;0;https://world.openfoodfacts.org/product/3760049798616/8-pains-au-lait-frais-bio-a-la-farine-complete-280g-la-boulangere
Pasta de sésamo tahini – Hacendado – 1pcs;2932;10.1;1.4;0.16;24.9;3.4;0.0;17.0;d;d;31.0;Non;0;https://world.openfoodfacts.org/product/8480000174413/pasta-de-sesamo-tahini-hacendado
Muesli Crunchy Chocolat Noir Noisettes Grillées – Lidl – 500 g;1911;4.9;16.3;40.0;10.1;8.0;5.01007080078125;28.0;e;c;45.0;Non;2;https://world.openfoodfacts.org/product/4056489817611/muesli-crunchy-chocolat-noir-noisettes-grillees-lidl
Palitos frutos secos – Hacendado – 130g;2037;2.6;2.7;12.0;13.0;4.3;4.1;20.0;e;b;74.0;Non;1;https://world.openfoodfacts.org/product/8480000133724/palitos-frutos-secos-hacendado
8 Pains au chocolat pur beurre 400g – La Boulangère – 400 g;1725;14.0;15.0;3.2;6.8;3.8;0.0;21.0;e;c;49.0;Non;1;https://world.openfoodfacts.org/product/3284230004015/8-pains-au-chocolat-pur-beurre-400g-la-boulangere
8 Pains au lait – Carrefour BIO, Carrefour – 280 g;1503;1.0;13.0;4.4;8.7;2.0;8.1;12.0;d;a;82.0;Oui;1;https://world.openfoodfacts.org/product/3560070370436/8-pains-au-lait-carrefour-bio
Crunchy Chocolat noir intense – Carrefour, Carrefour Sensation – 500 g;1851;3.8;19.0;0.4;10.0;9.0;0.0;8.0;c;b;67.0;Non;2;https://world.openfoodfacts.org/product/3560071013035/crunchy-chocolat-noir-intense-carrefour
Tomate – Hacendado – 170 g;2181;3.4;5.0;4.8;8.6;3.1;0.4;14.0;d;a;77.0;Non;0;https://world.openfoodfacts.org/product/8480000821904/tomate-hacendado
Grissini artigianali – ITAL PASSION – 250 g;1997;2.1;2.1;6.4;13.0;6.6;0.0;10.0;c;a;86.0;Non;0;https://world.openfoodfacts.org/product/3760077537249/grissini-artigianali-ital-passion
Céréales Muesli croustillant fruits rouges sachet 350g – U, U Bio – 350 g;1620;1.3;21.0;0.6;8.8;7.9;4.7;6.0;c;a;87.0;Oui;1;https://world.openfoodfacts.org/product/3256228686572/cereales-muesli-croustillant-fruits-rouges-sachet-350g-u
22 TRANCHES SANS CROUTE Nature Sans Sucres Ajoutés – Jacquet – 475 g;1117;0.4;5.5;4.4;9.3;4.2;3.46153846153846;4.0;c;a;87.0;Non;6;https://world.openfoodfacts.org/product/3029330068549/22-tranches-sans-croute-nature-sans-sucres-ajoutes-jacquet
Gnocchi à poeler – Lustucru selection – 300 g;823;0.8;1.5;5.2;5.9;2.4;6.45555555555556;6.0;c;a;76.0;Non;1;https://world.openfoodfacts.org/product/3240931531090/gnocchi-a-poeler-lustucru-selection
Chips à l'Ancienne nature – CMI (Carrefour Marchandises Internationales), Carrefour, Carrefour Original, Groupe Carrefour – 150 g;2301;3.0;0.5;3.6;5.5;4.9;0.0;10.0;c;a;82.0;Non;0;https://world.openfoodfacts.org/product/3245414649309/chips-a-l-ancienne-nature-cmi-carrefour-marchandises-internationales
P'tit déj bio céréales et chocolat – Le Moulin du Pivert – 190g;2078;7.1;24.0;1.7599999999999998;7.1;6.5;0.0;17.0;d;b;74.0;Oui;2;https://world.openfoodfacts.org/product/3268350120558/p-tit-dej-bio-chocolat-le-moulin-du-pivert
Maïs – Carrefour, Carrefour Classic' – 300 g;325;0.3;5.5;1.04;2.6;2.8;76.9230769230769;1.0;b;a;89.0;Non;0;https://world.openfoodfacts.org/product/3560071006822/mais-doux-carrefour
Pipers Lye Cross Cheddar & Onion Crisps – Pipers – 40 g;2227;3.5;1.5;6.2;6.2;3.3;0.0;15.0;d;b;68.0;Non;1;https://world.openfoodfacts.org/product/5033060100149/pipers-lye-cross-cheddar-onion-crisps
Granola au chocolat et framboises – One Day More – 450g;1710;2.2;10.1;0.0;12.5;10.2;1.59375;0.0;a;a;77.0;Non;1;https://world.openfoodfacts.org/product/5902884465959/chocolate-and-raspberry-granola-one-day-more
Biscottes à la farine complète sans sucres ajoutés – Auchan – 0.3 kg;1671;0.5;3.4;6.0;14.0;7.0;5.83333333333333;7.0;c;a;88.0;Non;1;https://world.openfoodfacts.org/product/3596710508594/biscottes-a-la-farine-complete-sans-sucres-ajoutes-auchan
100% mie nature – Harrys – 475 g;1125;0.4;7.7;4.4;7.0;3.8;4.40000000000003;7.0;c;b;70.0;Non;0;https://world.openfoodfacts.org/product/3228857001965/100-mie-nature-harrys
Tastino – 8 tortillas 320g;1245;1.4;1.9;3.5;9.7;9.8;0.0;-1.0;a;a;78.0;Non;9;https://world.openfoodfacts.org/product/4056489749516/tortilla-tortilha-100-cereal-integral-tastino
Farine de blé suprême – Francine – 1000;1400;0.2;0.7;0.0;8.4;4.0;0.0;0.0;a;a;111.0;Oui;0;https://world.openfoodfacts.org/product/3068110703232/farine-de-ble-supreme-francine
Biscottes complètes x36 - BIO – Chabrior, Faissole, Intermarché – 300 g;1574;0.5;5.5;5.2;15.0;9.2;0.0;6.0;c;a;109.0;Oui;1;https://world.openfoodfacts.org/product/3250391774081/biscottes-completes-x36-bio-chabrior
Flocons d'avoine complets – Terres & Céréales Bio – 1 kg;1564;1.3;1.0;0.04;12.0;10.0;0.0;-4.0;a;a;86.0;Oui;0;https://world.openfoodfacts.org/product/3421557910210/terres-cereales-bio
Le Gourmand Céréales et Graines – Carrefour – 500 g;1221;0.7;4.4;3.96;10.0;3.9;1.05;3.0;c;a;75.0;Non;3;https://world.openfoodfacts.org/product/3560070877546/le-gourmand-cereales-et-graines-carrefour
Déli Matin allégé de 30% en sucres aux pépites de chocolat – Marque Repère, P'tit Déli – 300 g;1865;4.9;16.0;3.2;8.2;5.1;0.0;14.0;d;d;31.0;Non;6;https://world.openfoodfacts.org/product/3564700438244/deli-matin-allege-de-30-en-sucres-aux-pepites-de-chocolat-marque-repere
Riz complet – Marque Repère, Comptoir du Grain – 500 g;1525;0.5;0.5;0.0;7.7;2.9;0.0;-1.0;b;d;35.0;Non;0;https://world.openfoodfacts.org/product/3564700444207/riz-complet-marque-repere
Céréales Trésor Kellogg's Chocolat Noisettes – Kellogg's – 750 g;1838;3.5;26.0;4.4;7.0;3.5;2.58333333333333;19.0;e;e;20.0;Non;5;https://world.openfoodfacts.org/product/5053827199469/tresor-kellogg-s
avena barista – Yosoy – 1 Litre;260;30.9;4.7;0.48;1.2;0.6;19.0;18.0;e;b;63.0;Non;0;https://world.openfoodfacts.org/product/8423352106947/oat-milk-yosoy
Carrefour Bio Galettes de Maïs Salées – Carrefour BIO – 120 g;1633;0.0;0.6;1.12;6.5;1.5;0.0;3.0;c;b;69.0;Oui;0;https://world.openfoodfacts.org/product/3560071469672/galettes-de-mais-carrefour-bio
Choco Shells – Crownfield – 500 g;1594;1.1;22.4;1.16;9.6;8.3;0.0;7.0;c;c;50.0;Oui;0;https://world.openfoodfacts.org/product/20067274/choco-shells-crownfield
Grand Mie 7 céréales – Chabrior, Intermarché – 550g;1152;0.7;4.9;5.2;10.3;4.9;2.4;4.0;c;a;78.0;Non;0;https://world.openfoodfacts.org/product/3250390758075/grand-mie-7-cereales-chabrior
SAINT ELOI riz complet cuisson 10 mn étui 500gr – Saint Eloi – 500 g;1513;0.4;0.0;0.04;7.7;2.5;0.0;-2.0;b;e;26.0;Non;0;https://world.openfoodfacts.org/product/3250391418107/saint-eloi-riz-complet-cuisson-10-mn-etui-500gr
Cœur mie complet 500g – Chabrior, intermarché – 500 g;964;0.3;5.2;4.4;8.6;6.1;2.8;2.0;b;a;83.0;Non;1;https://world.openfoodfacts.org/product/3250391785216/coeur-mie-complet-500g-chabrior
Céréales Muesli croustillant aux 4 noix paquet de 500g – U – 500 g;2001;2.9;14.0;1.92;11.0;6.5;16.5;8.0;c;b;67.0;Non;2;https://world.openfoodfacts.org/product/3256220394079/cereales-muesli-croustillant-aux-4-noix-paquet-de-500g-u
Quinotto Légumes verts Parmesan – Jardin bio – 220 g;553;1.4;2.5;2.8000000000000003;7.6;3.1;30.296484375;7.0;c;d;43.0;Oui;0;https://world.openfoodfacts.org/product/3456300005837/quinotto-legumes-verts-parmesan-jardin-bio
Galettes riz complet – Bio Village, Marque Repère – 130 g;1670;0.6;0.5;1.0;8.4;2.8;0.0;2.0;b;b;68.0;Oui;0;https://world.openfoodfacts.org/product/3564707001236/bio-village-galettes-riz-complet
Tartines craquantes avoine – Jardin bio, Léa Nature – 150 g;1567;0.8;0.6;3.08;9.6;5.8;0.0;1.0;b;a;95.0;Oui;0;https://world.openfoodfacts.org/product/3760020509521/tartines-craquantes-avoine-jardin-bio
Harina Fina de Maíz – Maizena,Unilever – 400 g;1487;0.1;0.0;0.04;0.5;1.0;0.0;4.0;c;a;77.0;Non;0;https://world.openfoodfacts.org/product/8711100080060/harina-fina-de-maiz-maizena
6 Wraps – Carrefour Sensation – 370 g;1399;0.9;1.3;5.2;9.3;3.0;7.72727272727273;7.0;c;a;78.0;Non;7;https://world.openfoodfacts.org/product/3560070386352/wraps-carrefour-sensation
Wrap – Epi d'Or – 330 g;1383;0.9;3.2;3.6;9.4;2.3;7.2;5.0;c;a;87.0;Non;4;https://world.openfoodfacts.org/product/3564700816479/wrap-de-poulet-et-bacon-sauce-au-poivre-epi-d-or
Pain grillé au blé complet – Bio Village, Marque Repère – 250 g (x12);1624;0.5;4.4;5.6000000000000005;11.0;7.2;0.0;7.0;c;a;96.0;Oui;1;https://world.openfoodfacts.org/product/3564707084062/pain-grille-au-ble-complet-bio-village
NESTLE CHOKELLA Céréales 350g​ – Nestlé, Chokella – 350 g;1738;1.0;24.3;2.68;6.7;5.4;2.0;12.0;d;d;44.0;Non;3;https://world.openfoodfacts.org/product/5900020006226/nestle-chokella-cereales-350g
Pan tostado ajo y perejil – Hacendado – 170 g;2275;3.6;1.8;7.199999999999999;8.2;2.5;5.66979166666667;17.0;d;a;77.0;Non;1;https://world.openfoodfacts.org/product/8480000821997/ajo-y-perejil-hacendado
Grany - Envie de nuts – LU – 120 g;858;3.1;9.7;1.12;6.2;4.2;62.6051136363636;4.0;c;e;23.0;Non;5;https://world.openfoodfacts.org/product/7622201464103/grany-envie-de-nuts-lu
Flocons d'avoine complete – Carrefour – 500 g;1530;1.2;1.1;0.0;12.0;11.0;0.0;-4.0;a;b;68.0;Non;0;https://world.openfoodfacts.org/product/3560071478643/flocons-d-avoine-complete-carrefour
Gnocchi à poêler roll 300g – Lustucru,Lustucru selection – 300 g;834;0.4;2.2;4.4;5.3;2.1;5.0;5.0;c;a;82.0;Non;0;https://world.openfoodfacts.org/product/3240931546667/gnocchi-a-poeler-roll-300g-lustucru
American Sandwich Nature – Harrys – 825 g;1172;0.4;7.7;4.4;7.6;3.9;4.40000000000003;6.0;c;a;79.0;Non;0;https://world.openfoodfacts.org/product/3228857000845/american-sandwich-nature-harrys
Ravioli vegetariens – Carrefour BIO, Carrefour – 650 g;360;0.1;3.7;3.3200000000000003;2.4;1.5;18.3933771306818;6.0;c;a;82.0;Oui;0;https://world.openfoodfacts.org/product/3270190174349/ravioli-vegetariens-carrefour-bio
Chocapic 🍫 strong In Chocolaté 🍫 – Nestlé, Chocapic – 150 g;1658;5.2;22.9;1.4;6.3;5.3;0.0;13.0;d;c;55.0;Non;4;https://world.openfoodfacts.org/product/3387390406849/nestle-chocapic-breakfast-cereal-bar-x6-150g-5-3oz
Lentilles cuisinées aux petits légumes – Jardin bio, Jardin bio logique – 400 g;318;0.2;0.7;2.84;5.7;3.5;24.5485272815065;3.0;c;a;108.0;Oui;0;https://world.openfoodfacts.org/product/3478820023757/lentilles-cuisinees-aux-petits-legumes-jardin-bio
4 Baguettes viennoises complètes sans sucres ajoutés 340g – La Boulangère – 340 g;1319;1.5;3.6;3.4399999999999995;13.0;6.4;5.7125;0.0;a;a;77.0;Non;1;https://world.openfoodfacts.org/product/3760049790672/4-baguettes-viennoises-completes-sans-sucres-ajoutes-340g-la-boulangere
NESTLE LION Céréales 1,05 kg – Nestlé, Lion – 1050 g;1711;1.1;24.5;1.6;8.1;7.0;0.0;10.0;c;d;40.0;Non;1;https://world.openfoodfacts.org/product/7613035544482/nestle-lion-cereales-1-05-kg
Arroz – SOS – 1 kg ℮;1489;0.4;0.0;0.0;7.3;1.3;0.0;1.0;b;e;26.0;Non;0;https://world.openfoodfacts.org/product/8410830001016/arroz-sos
Tartines craquantes sarrasin – Carrefour BIO, Carrefour – 150 g (2 x 75 g);1559;1.0;2.7;1.44;12.0;4.2;0.0;-1.0;a;a;91.0;Oui;0;https://world.openfoodfacts.org/product/3560071251871/tartines-craquantes-sarrasin-carrefour-bio
Muesli Croustillant Chocolat Proteines – TERRES & CÉRÉALES BIO – 500 g;1762;2.2;14.0;0.08;15.0;9.8;27.5;-1.0;a;a;87.0;Oui;0;https://world.openfoodfacts.org/product/3421557921148/muesli-croustillant-chocolat-proteines-terres-cereales-bio
Muesli Crunchy chocolat noir et noisettes grillées – Crownfield, Lidl – 500 g;2025;4.3;21.4;2.48;9.0;6.9;5.0;15.0;d;b;66.0;Non;3;https://world.openfoodfacts.org/product/4056489526872/muesli-crunchy-chocolat-noir-et-noisettes-grillees-crownfield
Biscuits Nature – Carrefour – 300 g;1662;0.7;6.5;4.4;11.0;4.0;3.11111111111111;5.0;c;a;91.0;Non;1;https://world.openfoodfacts.org/product/3245412589980/rusks-plain-carrefour
Biscottes sans sel x36 – Chabrior – 300 g;1651;0.3;7.5;0.04;12.0;4.8;3.6;0.0;a;a;89.0;Non;1;https://world.openfoodfacts.org/product/3250390005650/biscottes-sans-sel-x36-chabrior
Poêlée de gnocchis (tomates, mozzarella) – Picard – 900 g;671;1.4;8.4;2.4;5.2;2.7;32.7652919501134;5.0;c;a;86.0;Non;1;https://world.openfoodfacts.org/product/3270160860333/poelee-de-gnocchis-tomates-mozzarella-picard
Petits pains grillés aux céréales – Carrefour BIO, Carrefour – 225 g;1703;1.0;4.2;4.8;12.0;4.7;0.0;9.0;c;a;102.0;Oui;1;https://world.openfoodfacts.org/product/3270190191377/petits-pains-grilles-aux-cereales-carrefour-bio
Muesli croustillant fruits rouges – Terres et Céréales – 500g;1834;3.1;20.0;0.24;9.2;8.9;3.5;8.0;c;a;87.0;Oui;0;https://world.openfoodfacts.org/product/3421557501692/muesli-croustillant-fruits-rouges-terres-et-cereales
Céréales cœur fondant – Carrefour BIO,Carrefour – 375 g;1763;2.7;29.0;1.52;9.2;7.2;5.3;12.0;d;c;50.0;Oui;1;https://world.openfoodfacts.org/product/3560070800209/cereales-coeur-fondant-carrefour-bio
Muesli chocolat noir et graines de lin – Jardin Bio étic, Jardin bio, Léa Nature – 375 g;1668;3.3;11.0;0.12;11.0;11.0;0.0;1.0;b;a;87.0;Oui;0;https://world.openfoodfacts.org/product/3760020503833/muesli-chocolat-noir-et-graines-de-lin-jardin-bio-etic
Tartines craquantes sarrasin – Jardin bio, Léa Nature – 300 g;1532;0.7;1.0;2.28;11.0;4.5;0.0;0.0;a;a;95.0;Oui;0;https://world.openfoodfacts.org/product/3760020508982/tartines-craquantes-sarrasin-jardin-bio
Lait avoine original - Boisson biologique à base d'avoine – Isola Bio – 1l;215;0.2;4.2;0.32;1.0;1.0;0.0;7.0;d;a;76.0;Oui;0;https://world.openfoodfacts.org/product/8023678161363/organic-oat-drink-isola-bio
Riz étuvé cuisson rapide – Golden Sun – 1 kg;1485;0.3;0.4;0.04;7.0;2.0;0.0;1.0;b;e;26.0;Non;0;https://world.openfoodfacts.org/product/4056489102847/riz-long-grain-golden-sun
Poêlée lég & céréales - Butternut – Bonduelle – 600 g;372;0.9;2.7;2.96;3.9;3.2;54.0;1.0;b;a;78.0;Non;0;https://world.openfoodfacts.org/product/3083681105247/poelee-leg-cereales-butternut-bonduelle
Les Fourrées  -  Beurre de Cacahuète & Cacao – Funkie – 250 g;1846;3.0;13.0;0.52;13.0;6.0;31.0;2.0;b;c;49.0;Oui;0;https://world.openfoodfacts.org/product/3770008009882/les-fourrees-beurre-de-cacahuete-cacao-funkie
Maïs SSA 1/4 x3 – Bonduelle – 420 g;320;0.2;6.3;1.12;2.9;2.8;100.0;-2.0;b;a;76.0;Non;0;https://world.openfoodfacts.org/product/3083681127430/mais-ssa-1-4-x3-bonduelle
Pan de molde integral sin corteza – Hacendado – 450 g;879;0.4;2.5;4.0;9.2;6.9;0.0;-1.0;a;a;75.0;Non;5;https://world.openfoodfacts.org/product/8480000236432/pan-integral-sin-corteza-hacendado
Brioche tranchee au skyr 450g – La Boulangère – 450 g;1449;1.7;12.0;3.6;8.1;4.3;11.25;10.0;c;c;54.0;Non;0;https://world.openfoodfacts.org/product/3760049799248/sliced-brioche-with-skyr-la-boulangere
Muesli Bio Croustillant Amande Vanille – Charles Vignon – 375 g;1920;1.7;16.0;0.04;9.2;5.7;7.0;4.0;c;a;87.0;Oui;0;https://world.openfoodfacts.org/product/3111902100037/muesli-bio-croustillant-amande-vanille-charles-vignon
Pain de mie sandwich complet 825g – U – 825 g;1128;1.0;4.3;4.0;8.5;6.9;9.775;1.0;b;a;79.0;Non;3;https://world.openfoodfacts.org/product/3256222646916/pain-de-mie-sandwich-complet-825g-u
Petits pains grilles – Carrefour – 225 g;1719;0.7;8.6;4.0;9.5;3.5;1.875;10.0;c;a;91.0;Non;1;https://world.openfoodfacts.org/product/3270190007418/toasted-bread-rolls-carrefour
Graines de chia – Happy Bio – 250 g;1494;3.3;1.6;0.16;18.0;35.0;0.0;-10.0;a;c;49.0;Oui;0;https://world.openfoodfacts.org/product/3273120027364/graines-de-chia-happy-bio
Stylesse Nature – Carrefour – 500 g;1604;0.2;13.0;3.16;8.7;5.3;0.0;4.0;c;e;29.0;Non;0;https://world.openfoodfacts.org/product/3560071013196/stylesse-nature-carrefour
Flocons d'Avoine – Bio Village,Marque Repère – 500 g;1566;1.3;0.7;0.08;14.0;10.0;0.0;-5.0;a;a;96.0;Oui;0;https://world.openfoodfacts.org/product/3564707116169/flocons-d-avoine-bio-village
Muesli crunchy frutos secos – Hacendado – 500 g;1921;2.0;22.0;2.0;8.0;6.0;0.0;11.0;d;b;67.0;Non;0;https://world.openfoodfacts.org/product/8480000093578/muesli-crunchy-frutos-secos-hacendado
Couscous moyen Golden sun – Golden sun – 1000;1477;0.4;2.1;0.0;12.0;4.2;0.0;-2.0;a;a;87.0;Non;0;https://world.openfoodfacts.org/product/4056489362692/couscous-moyen-golden-sun
HERTA TARTE EN OR Pâte Feuilletée Rectangulaire 230g – HERTA, Tarte en or – 230 g;1602;9.2;1.9;4.8;6.5;1.4;6.06875;18.0;d;d;34.0;Non;0;https://world.openfoodfacts.org/product/3154230600244/herta-tarte-en-or-pate-feuilletee-rectangulaire-230g
Chips saveur miel moutarde – Brets – 125 g;2177;2.6;4.4;5.6000000000000005;6.3;4.8;0.0;13.0;d;a;78.0;Non;0;https://world.openfoodfacts.org/product/3497917003151/chips-miel-moutarde-brets
Pain de mie 100% mie harrys epaisse nature 500g – Harrys – 500 g;1125;0.4;7.7;4.4;7.0;3.8;4.40000000000003;7.0;c;a;83.0;Non;0;https://world.openfoodfacts.org/product/3228857001835/pain-de-mie-100-mie-harrys-epaisse-nature-500g
Fibra sticks – Hacendado – 500g;1432;0.6;10.0;3.52;16.0;33.0;0.440000000000026;3.0;c;a;83.0;Non;0;https://world.openfoodfacts.org/product/8480000602367/fibra-sticks-hacendado
Pâte Feuilletée Beurre Frais – Croustipate – 280g;1497;12.0;2.5;3.4000000000000004;5.6;1.3;0.425;18.0;d;c;49.0;Non;1;https://world.openfoodfacts.org/product/3392590205383/pate-feuilletee-beurre-frais-croustipate
Crusti Choc – Fin Carré – 100g;2149;15.9;50.2;1.6800000000000002;6.5;1.8;0.0537109375;32.0;e;c;48.0;Non;1;https://world.openfoodfacts.org/product/20488703/crusti-choc-fin-carre
Hamburger Géant Nature X 4 – Jacquet – 330 g;1153;0.5;5.4;4.0;9.8;3.8;4.25000000000001;3.0;c;a;80.0;Non;1;https://world.openfoodfacts.org/product/3029330066484/hamburger-geant-nature-x-4-jacquet
Petits pains grillés au blé complet sans sucres ajoutés – Chabrior,Sélection Intermarché – 225 g;1641;0.5;2.8;5.2;13.0;7.6;4.8;0.0;a;a;86.0;Non;1;https://world.openfoodfacts.org/product/3250390145608/petits-pains-grilles-sans-sucres-ajoutes-riches-en-fibres-chabrior
Petits pains grillés au froment - 225g – U, U Bio – 225 g;1702;0.8;7.4;4.0;9.1;4.1;0.0;10.0;c;a;102.0;Oui;1;https://world.openfoodfacts.org/product/3256220368186/petits-pains-grilles-au-froment-225g-u
Croustillant Nature – Carrefour BIO, Carrefour – 500 g;1880;1.4;16.0;0.04;8.9;8.1;0.0;2.0;b;a;87.0;Oui;0;https://world.openfoodfacts.org/product/3560070792368/croustillant-nature-carrefour-bio
Chips Pom'Lisse – Marque Repère, Pom'Lisse – 200 g;2266;2.8;0.5;2.3000000000000003;5.9;5.2;0.0;6.0;c;a;89.0;Non;0;https://world.openfoodfacts.org/product/3564700576083/chips-pom-lisse-marque-repere
Petits Pains Grillés Froment – Marque Repère, Epi d'Or – 400 g;1735;0.7;8.5;4.4;9.8;3.5;3.75;11.0;d;a;90.0;Non;1;https://world.openfoodfacts.org/product/3564700582695/petits-pains-grilles-froment-marque-repere
Pain tranché au seigle – Auchan, Auchan Gourmet – 0.5 kg;913;0.2;2.5;4.8;6.8;6.0;0.0;2.0;b;a;82.0;Non;2;https://world.openfoodfacts.org/product/3596710425525/pain-tranche-au-seigle-auchan
Cereales rellenos de crema de cacao y avellana sin gluten – Hacendado – 400g;1936;2.8;24.4;1.96;6.0;2.0;1.6;16.0;d;d;30.0;Non;4;https://world.openfoodfacts.org/product/8480000095473/cereales-rellenos-de-crema-de-cacao-y-avellana-sin-gluten-hacendado
Pain de mie – Jacquet – 825 g;1054;0.3;3.9;4.4;8.7;3.5;7.51666666666667;5.0;c;a;83.0;Non;0;https://world.openfoodfacts.org/product/3029330071273/pain-de-mie-jacquet
Harrys pain de mie extra moelleux complet sans sucres ajoutés 500g – Harrys, Harry’s – 500 g;1136;0.4;5.1;4.8;8.7;6.0;2.0625;3.0;c;a;83.0;Non;0;https://world.openfoodfacts.org/product/3228857001491/pain-de-mie-em-complet-harrys
Muesli fruits – Carrefour BIO, Carrefour – 375 g;1542;1.0;13.0;0.08;10.0;9.9;24.0;-2.0;a;a;87.0;Oui;1;https://world.openfoodfacts.org/product/3560071407506/muesli-fruits-carrefour-bio
Tartines grillées craquantes au froment 250g – U – 250 g;1637;0.5;3.5;4.8;12.0;6.2;0.0;3.0;c;a;76.0;Non;0;https://world.openfoodfacts.org/product/3256229386563/tartines-grillees-craquantes-au-froment-250g-u
Special K Classic – Kellogg's – 450 g;1660;0.3;15.0;3.3600000000000003;8.0;6.0;0.0;9.0;c;e;25.0;Non;0;https://world.openfoodfacts.org/product/5059319026053/special-k-classic-kellogg-s
Purée – Mousline – 500 g;303;0.774;2.12;1.59;2.37;1.03;0.0;1.0;b;a;85.0;Non;2;https://world.openfoodfacts.org/product/3760381260543/puree-mousline
Flakes fruits rouges – Crownfield, Lidl – 425 g;1567;0.5;13.4;1.92;8.7;8.0;1.90000000000001;1.0;b;e;25.0;Non;1;https://world.openfoodfacts.org/product/4056489671442/flakes-fruits-rouges-crownfield
Belvita Petit-Déjeuner Original – BelVita, LU – 400g;1828;1.5;20.0;3.92;7.8;6.8;0.0;11.0;d;c;54.0;Non;5;https://world.openfoodfacts.org/product/3017760307499/belvita-petit-dejeuner-original
Quaker Cruesli Chocolat au lait maxi format – Cruesli, PepsiCo, QUAKER – 900 g;1914;4.8;20.0;2.04;7.7;8.7;1.85060763888889;11.0;d;b;62.0;Non;2;https://world.openfoodfacts.org/product/3168930010838/quaker-cruesli-chocolat-au-lait-maxi-format
Grilletine Céréales et Graines x18 – Brioche Pasquier – 255 g;1849;2.0;7.9;3.56;13.0;7.8;0.0;7.0;c;b;65.0;Non;1;https://world.openfoodfacts.org/product/3182180001026/grilletine-cereales-et-graines-x18-brioche-pasquier
Galettes de maïs bio – Regain, Regain bio – 150 g;1628;0.4;1.2;2.08;7.9;6.4;0.0;-1.0;a;b;70.0;Oui;0;https://world.openfoodfacts.org/product/3250392355289/galettes-de-mais-bio-regain
Céréales Muesli croustillant aux fruits rouges doypack de 500g – U – 500 g;1830;2.6;18.0;0.6;8.9;8.9;2.0;7.0;c;b;67.0;Non;2;https://world.openfoodfacts.org/product/3256220394086/cereales-muesli-croustillant-aux-fruits-rouges-doypack-de-500g-u
MUESLI & Co 6 FRUITS SECS – Carrefour – 750 g;1542;3.0;16.0;0.08;9.5;8.9;30.03003003003;2.0;b;b;71.0;Non;0;https://world.openfoodfacts.org/product/3270190111108/muesli-co-7-dried-fruits-nuts-carrefour
Vico La Classique 400g – Intersnack, Vico – 400 g;2188;2.8;0.61;5.2;5.9;4.5;0.0;12.0;d;b;73.0;Non;0;https://world.openfoodfacts.org/product/3336971405023/vico-la-classique-400g-intersnack
Original Nature – Nestlé,Fitness – 625 g;1557;0.6;11.0;3.6;9.4;7.6;0.0;6.0;c;e;29.0;Non;2;https://world.openfoodfacts.org/product/3387390325911/original-nature-nestle
Farine de blé T45 – Marque Repère, Tablier Blanc – 1 kg;1433;0.1;0.4;0.0;11.0;4.0;0.0;-1.0;a;a;91.0;Non;0;https://world.openfoodfacts.org/product/3564700004524/farine-de-ble-t45-marque-repere
Frosties – Kellogg's – 450 g;1594;0.6;37.0;3.3200000000000003;4.5;2.0;0.0;18.0;d;e;29.0;Non;0;https://world.openfoodfacts.org/product/5053827185615/frosties-kellogg-s
Krisprolls complets – Pågen – 225 g ℮;1687;0.9;1.1;4.4;13.0;8.3;7.6;0.0;a;a;86.0;Non;0;https://world.openfoodfacts.org/product/7311070331318/krisprolls-wholegrain-pagen
Maïs SRP 1/2 – Bonduelle – 285 g;309;0.2;5.1;1.12;2.7;3.0;100.0;-3.0;b;a;85.0;Non;0;https://world.openfoodfacts.org/product/3083681101232/mais-srp-1-2-bonduelle
NESTLE FITNESS Chocolat Noir Céréales 450g – Nestlé, Fitness – 450 g;1684;4.6;15.1;1.7999999999999998;8.9;10.2;0.0;10.0;c;d;44.0;Non;4;https://world.openfoodfacts.org/product/7613287514271/nestle-fitness-chocolat-noir-cereales-450g
Maxi Tranches Complet – CARREFOUR CLASSIC', Carrefour – 550 g;1105;0.7;5.4;3.88;8.4;6.5;11.2636363636364;1.0;b;a;76.0;Non;2;https://world.openfoodfacts.org/product/3560071429508/maxi-tranches-complet-carrefour-classic
Avena cremosa – Alpro;177;0.2;3.1;0.4;0.8;0.7;5.25;5.0;c;c;52.0;Non;1;https://world.openfoodfacts.org/product/5411188136217/avena-cremosa-alpro
Lay's Paysanne saveur oignons de Roscoff caramélisé – LAY'S, Lays – 120 g;2089;3.0;2.1;5.6000000000000005;6.5;4.4;4.30347222222222;12.0;d;a;79.0;Non;2;https://world.openfoodfacts.org/product/3168930167921/lay-s-paysanne-saveur-oignons-de-roscoff-caramelise
